,var_index,chrom,left,right,ref_seq,var_seq1,var_seq2,count1,count2,var_score,VCF_ID,Patient_ID,Case_ID,Allele,Consequence,IMPACT,SYMBOL,Gene,Feature_type,Feature,BIOTYPE,EXON,INTRON,HGVSc,HGVSp,cDNA_position,CDS_position,Protein_position,Amino_acids,Codons,Existing_variation,ALLELE_NUM,DISTANCE,STRAND,FLAGS,VARIANT_CLASS,SYMBOL_SOURCE,HGNC_ID,CANONICAL,TSL,APPRIS,CCDS,ENSP,SWISSPROT,TREMBL,UNIPARC,RefSeq,GENE_PHENO,SIFT,PolyPhen,DOMAINS,HGVS_OFFSET,GMAF,AFR_MAF,AMR_MAF,EAS_MAF,EUR_MAF,SAS_MAF,AA_MAF,EA_MAF,ExAC_MAF,ExAC_Adj_MAF,ExAC_AFR_MAF,ExAC_AMR_MAF,ExAC_EAS_MAF,ExAC_FIN_MAF,ExAC_NFE_MAF,ExAC_OTH_MAF,ExAC_SAS_MAF,CLIN_SIG,SOMATIC,PHENO,PUBMED,MOTIF_NAME,MOTIF_POS,HIGH_INF_POS,MOTIF_SCORE_CHANGE,ENTREZ,EVIDENCE
0,0,chr1,33024644,33024645,G,C,G,8,13,28,b2a8da4b-6c32-4afb-a23d-bd14f858be58,TCGA-AB-2871,b4bc4666-13ba-4864-be9b-89ff8a0a1bd8,"[""['C"", "" 'C"", "" 'C"", "" 'C"", "" 'C"", "" 'C"", "" 'C"", "" 'C"", "" 'C"", "" 'C"", "" 'C"", "" 'C"", "" 'C"", "" 'C"", "" 'C""]","['upstream_gene_variant', 'intron_variant', 'intron_variant', 'intron_variant', 'downstream_gene_variant', 'intron_variant&non_coding_transcript_variant', 'intron_variant&non_coding_transcript_variant', 'intron_variant', 'upstream_gene_variant', 'intron_variant', 'intron_variant&non_coding_transcript_variant', 'intron_variant&NMD_transcript_variant', 'intron_variant', 'intron_variant', 'regulatory_region_variant']","['MODIFIER', 'MODIFIER', 'MODIFIER', 'MODIFIER', 'MODIFIER', 'MODIFIER', 'MODIFIER', 'MODIFIER', 'MODIFIER', 'MODIFIER', 'MODIFIER', 'MODIFIER', 'MODIFIER', 'MODIFIER', 'MODIFIER']","['AK2', 'AK2', 'AK2', 'AK2', 'Metazoa_SRP', 'RP1-117O3.2', 'AK2', 'AK2', 'AK2', 'AK2', 'AK2', 'AK2', 'AK2', 'AK2', '']","['ENSG00000004455', 'ENSG00000004455', 'ENSG00000004455', 'ENSG00000004455', 'ENSG00000276645', 'ENSG00000236065', 'ENSG00000004455', 'ENSG00000004455', 'ENSG00000004455', 'ENSG00000004455', 'ENSG00000004455', 'ENSG00000004455', 'ENSG00000004455', 'ENSG00000004455', '']","['Transcript', 'Transcript', 'Transcript', 'Transcript', 'Transcript', 'Transcript', 'Transcript', 'Transcript', 'Transcript', 'Transcript', 'Transcript', 'Transcript', 'Transcript', 'Transcript', 'RegulatoryFeature']","['ENST00000469238', 'ENST00000487289', 'ENST00000629371', 'ENST00000548033', 'ENST00000610352', 'ENST00000427524', 'ENST00000551979', 'ENST00000467905', 'ENST00000466029', 'ENST00000480134', 'ENST00000548559', 'ENST00000550338', 'ENST00000373449', 'ENST00000354858', 'ENSR00001746607']","['retained_intron', 'protein_coding', 'protein_coding', 'protein_coding', 'misc_RNA', 'antisense', 'retained_intron', 'protein_coding', 'retained_intron', 'protein_coding', 'processed_transcript', 'nonsense_mediated_decay', 'protein_coding', 'protein_coding', 'enhancer']","['', '', '', '', '', '', '', '', '', '', '', '', '', '', '']","['', '1/4', '1/5', '1/5', '', '1/1', '1/1', '1/7', '', '1/4', '3/4', '2/6', '1/6', '1/5', '']","['', 'ENST00000487289.1:c.94-77C>G', 'ENST00000629371.1:c.94-77C>G', 'ENST00000548033.4:c.94-2941C>G', '', 'ENST00000427524.1:n.246-6391G>C', 'ENST00000551979.1:n.134-77C>G', 'ENST00000467905.4:c.94-77C>G', '', 'ENST00000480134.4:c.94-77C>G', 'ENST00000548559.1:n.308-77C>G', 'ENST00000550338.4:c.*83-77C>G', 'ENST00000373449.5:c.94-77C>G', 'ENST00000354858.9:c.94-77C>G', '']","['', '', '', '', '', '', '', '', '', '', '', '', '', '', '']","['-/423', '-/920', '-/3576', '-/936', '-/345', '-/1680', '-/581', '-/880', '-/223', '-/811', '-/530', '-/886', '-/3586', '-/1021', '']","['', '-/489', '-/402', '-/573', '', '', '', '-/699', '', '-/402', '', '-/129', '-/699', '-/720', '']","['', '-/162', '-/133', '-/190', '', '', '', '-/232', '', '-/133', '', '-/42', '-/232', '-/239', '']","['', '', '', '', '', '', '', '', '', '', '', '', '', '', '']","['', '', '', '', '', '', '', '', '', '', '', '', '', '', '']","['', '', '', '', '', '', '', '', '', '', '', '', '', '', '']","['1', '1', '1', '1', '1', '1', '1', '1', '1', '1', '1', '1', '1', '1', '1']","['2954', '', '', '', '4588', '', '', '', '2941', '', '', '', '', '', '']","['-1', '-1', '-1', '-1', '-1', '1', '-1', '-1', '-1', '-1', '-1', '-1', '-1', '-1', '']","['', '', '', '', '', '', '', '', '', '', '', '', '', '', '']","['SNV', 'SNV', 'SNV', 'SNV', 'SNV', 'SNV', 'SNV', 'SNV', 'SNV', 'SNV', 'SNV', 'SNV', 'SNV', 'SNV', 'SNV']","['HGNC', 'HGNC', 'HGNC', 'HGNC', 'RFAM', 'Clone_based_vega_gene', 'HGNC', 'HGNC', 'HGNC', 'HGNC', 'HGNC', 'HGNC', 'HGNC', 'HGNC', '']","['HGNC:362', 'HGNC:362', 'HGNC:362', 'HGNC:362', '', '', 'HGNC:362', 'HGNC:362', 'HGNC:362', 'HGNC:362', 'HGNC:362', 'HGNC:362', 'HGNC:362', 'HGNC:362', '']","['', '', '', '', 'YES', 'YES', '', '', '', '', '', '', '', 'YES', '']","['2', '2', '', '1', '', '2', '2', '2', '3', '2', '4', '2', '1', '1', '']","['', '', '', '', '', '', '', '', '', '', '', '', '', '', '']","['', '', '', '', '', '', '', '', '', '', '', '', 'CCDS373.1', 'CCDS374.1', '']","['', 'ENSP00000446849', 'ENSP00000486507', 'ENSP00000449003', '', '', '', 'ENSP00000447082', '', 'ENSP00000450109', '', 'ENSP00000450008', 'ENSP00000362548', 'ENSP00000346921', '']","['', '', '', '', '', '', '', '', '', '', '', '', 'P54819', 'P54819', '']","['', 'F8VZG5', '', 'F8VY04', '', '', '', 'F8W1A4', '', 'G3V213', '', 'F8VPP1', '', '', '']","['', 'UPI0000203E8B', 'UPI0000EE30AA', 'UPI00020CDFB8', '', '', '', 'UPI0000203E90', '', 'UPI0000EE30AA', '', 'UPI000040D586', '', 'UPI000016781E', '']","['', '', '', '', '', '', '', '', '', '', '', '', 'NM_013411.4&NM_001199199.1', 'NM_001625.3', '']","['', '', '', '', '', '', '', '', '', '', '', '', '', '', '']","['', '', '', '', '', '', '', '', '', '', '', '', '', '', '']","['', '', '', '', '', '', '', '', '', '', '', '', '', '', '']","['', '', '', '', '', '', '', '', '', '', '', '', '', '', '']","['', '', '', '', '', '', '', '', '', '', '', '', '', '', '']","['', '', '', '', '', '', '', '', '', '', '', '', '', '', '']","['', '', '', '', '', '', '', '', '', '', '', '', '', '', '']","['', '', '', '', '', '', '', '', '', '', '', '', '', '', '']","['', '', '', '', '', '', '', '', '', '', '', '', '', '', '']","['', '', '', '', '', '', '', '', '', '', '', '', '', '', '']","['', '', '', '', '', '', '', '', '', '', '', '', '', '', '']","['', '', '', '', '', '', '', '', '', '', '', '', '', '', '']","['', '', '', '', '', '', '', '', '', '', '', '', '', '', '']","['', '', '', '', '', '', '', '', '', '', '', '', '', '', '']","['', '', '', '', '', '', '', '', '', '', '', '', '', '', '']","['', '', '', '', '', '', '', '', '', '', '', '', '', '', '']","['', '', '', '', '', '', '', '', '', '', '', '', '', '', '']","['', '', '', '', '', '', '', '', '', '', '', '', '', '', '']","['', '', '', '', '', '', '', '', '', '', '', '', '', '', '']","['', '', '', '', '', '', '', '', '', '', '', '', '', '', '']","['', '', '', '', '', '', '', '', '', '', '', '', '', '', '']","['', '', '', '', '', '', '', '', '', '', '', '', '', '', '']","['', '', '', '', '', '', '', '', '', '', '', '', '', '', '']","['', '', '', '', '', '', '', '', '', '', '', '', '', '', '']","['', '', '', '', '', '', '', '', '', '', '', '', '', '', '']","['', '', '', '', '', '', '', '', '', '', '', '', '', '', '']","['', '', '', '', '', '', '', '', '', '', '', '', '', '', '']","['', '', '', '', '', '', '', '', '', '', '', '', '', '', '']","['', '', '', '', '', '', '', '', '', '', '', '', '', '', '']","['', '', '', '', '', '', '', '', '', '', '', '', '', '', '']","['204', '204', '204', '204', '', '', '204', '204', '204', '204', '204', '204', '204', '204', '']","[""'"", ""'"", ""'"", ""'"", ""'"", ""'"", ""'"", ""'"", ""'"", ""'"", ""'"", ""'"", ""'"", ""'"", ""']""]"
1,1,chr1,35850806,35850807,C,A,C,2,17,28,b2a8da4b-6c32-4afb-a23d-bd14f858be58,TCGA-AB-2871,b4bc4666-13ba-4864-be9b-89ff8a0a1bd8,"[""['A"", "" 'A"", "" 'A"", "" 'A""]","['upstream_gene_variant', 'intron_variant', 'intron_variant&non_coding_transcript_variant', 'regulatory_region_variant']","['MODIFIER', 'MODIFIER', 'MODIFIER', 'MODIFIER']","['AGO4', 'AGO4', 'AGO4', '']","['ENSG00000134698', 'ENSG00000134698', 'ENSG00000134698', '']","['Transcript', 'Transcript', 'Transcript', 'RegulatoryFeature']","['ENST00000496257', 'ENST00000373210', 'ENST00000488778', 'ENSR00001747030']","['processed_transcript', 'protein_coding', 'processed_transcript', 'enhancer']","['', '', '', '']","['', '16/17', '2/2', '']","['', 'ENST00000373210.3:c.2278-48C>A', 'ENST00000488778.1:n.181-48C>A', '']","['', '', '', '']","['-/297', '-/7116', '-/522', '']","['', '-/2586', '', '']","['', '-/861', '', '']","['', '', '', '']","['', '', '', '']","['rs12031407', 'rs12031407', 'rs12031407', 'rs12031407']","['1', '1', '1', '1']","['2682', '', '', '']","['1', '1', '1', '']","['', '', '', '']","['SNV', 'SNV', 'SNV', 'SNV']","['HGNC', 'HGNC', 'HGNC', '']","['HGNC:18424', 'HGNC:18424', 'HGNC:18424', '']","['', 'YES', '', '']","['3', '1', '3', '']","['', '', '', '']","['', 'CCDS397.1', '', '']","['', 'ENSP00000362306', '', '']","['', 'Q9HCK5', '', '']","['', '', '', '']","['', 'UPI00001684D9', '', '']","['', 'NM_017629.3', '', '']","['', '', '', '']","['', '', '', '']","['', '', '', '']","['', '', '', '']","['', '', '', '']","['', '', '', '']","['', '', '', '']","['', '', '', '']","['', '', '', '']","['', '', '', '']","['', '', '', '']","['', '', '', '']","['', '', '', '']","['A:0.102', 'A:0.102', 'A:0.102', 'A:0.102']","['A:0.3347', 'A:0.3347', 'A:0.3347', 'A:0.3347']","['A:0.3739', 'A:0.3739', 'A:0.3739', 'A:0.3739']","['A:0.3715', 'A:0.3715', 'A:0.3715', 'A:0.3715']","['A:0.3589', 'A:0.3589', 'A:0.3589', 'A:0.3589']","['A:0.3384', 'A:0.3384', 'A:0.3384', 'A:0.3384']","['A:0.3109', 'A:0.3109', 'A:0.3109', 'A:0.3109']","['A:0.3849', 'A:0.3849', 'A:0.3849', 'A:0.3849']","['A:0.3633', 'A:0.3633', 'A:0.3633', 'A:0.3633']","['', '', '', '']","['', '', '', '']","['', '', '', '']","['', '', '', '']","['', '', '', '']","['', '', '', '']","['', '', '', '']","['', '', '', '']","['192670', '192670', '192670', '']","[""E_Multiple_observations&E_ExAC'"", ""E_Multiple_observations&E_ExAC'"", ""E_Multiple_observations&E_ExAC'"", ""E_Multiple_observations&E_ExAC']""]"
2,2,chr1,42816632,42816633,A,A,C,10,1,28,b2a8da4b-6c32-4afb-a23d-bd14f858be58,TCGA-AB-2871,b4bc4666-13ba-4864-be9b-89ff8a0a1bd8,"[""['C"", "" 'C"", "" 'C"", "" 'C"", "" 'C"", "" 'C""]","['intron_variant&non_coding_transcript_variant', 'intron_variant', 'intron_variant', 'upstream_gene_variant', 'upstream_gene_variant', 'regulatory_region_variant']","['MODIFIER', 'MODIFIER', 'MODIFIER', 'MODIFIER', 'MODIFIER', 'MODIFIER']","['CCDC23', 'CCDC23', 'CCDC23', 'ERMAP', 'ERMAP', '']","['ENSG00000177868', 'ENSG00000177868', 'ENSG00000177868', 'ENSG00000164010', 'ENSG00000164010', '']","['Transcript', 'Transcript', 'Transcript', 'Transcript', 'Transcript', 'RegulatoryFeature']","['ENST00000497437', 'ENST00000372521', 'ENST00000372522', 'ENST00000487556', 'ENST00000372517', 'ENSR00001748310']","['processed_transcript', 'protein_coding', 'protein_coding', 'processed_transcript', 'protein_coding', 'promoter']","['', '', '', '', '', '']","['1/2', '1/2', '1/2', '', '', '']","['ENST00000497437.1:n.64-52T>G', 'ENST00000372521.7:c.-36-52T>G', 'ENST00000372522.4:c.-36-52T>G', '', '', '']","['', '', '', '', '', '']","['-/708', '-/658', '-/650', '-/2988', '-/3423', '']","['', '-/201', '-/201', '', '-/1428', '']","['', '-/66', '-/66', '', '-/475', '']","['', '', '', '', '', '']","['', '', '', '', '', '']","['', '', '', '', '', '']","['1', '1', '1', '1', '1', '1']","['', '', '', '492', '499', '']","['-1', '-1', '-1', '1', '1', '']","['', '', '', '', '', '']","['SNV', 'SNV', 'SNV', 'SNV', 'SNV', 'SNV']","['HGNC', 'HGNC', 'HGNC', 'HGNC', 'HGNC', '']","['HGNC:29204', 'HGNC:29204', 'HGNC:29204', 'HGNC:15743', 'HGNC:15743', '']","['', 'YES', '', '', 'YES', '']","['3', '1', '3', '5', '1', '']","['', '', '', '', '', '']","['', 'CCDS474.1', 'CCDS474.1', '', 'CCDS475.1', '']","['', 'ENSP00000361599', 'ENSP00000361600', '', 'ENSP00000361595', '']","['', 'Q8N300', 'Q8N300', '', 'Q96PL5', '']","['', '', '', '', '', '']","['', 'UPI000006CFBA', 'UPI000006CFBA', '', 'UPI000007000D', '']","['', 'NM_199342.3', '', '', 'NM_001017922.1', '']","['', '', '', '', '', '']","['', '', '', '', '', '']","['', '', '', '', '', '']","['', '', '', '', '', '']","['', '', '', '', '', '']","['', '', '', '', '', '']","['', '', '', '', '', '']","['', '', '', '', '', '']","['', '', '', '', '', '']","['', '', '', '', '', '']","['', '', '', '', '', '']","['', '', '', '', '', '']","['', '', '', '', '', '']","['', '', '', '', '', '']","['', '', '', '', '', '']","['', '', '', '', '', '']","['', '', '', '', '', '']","['', '', '', '', '', '']","['', '', '', '', '', '']","['', '', '', '', '', '']","['', '', '', '', '', '']","['', '', '', '', '', '']","['', '', '', '', '', '']","['', '', '', '', '', '']","['', '', '', '', '', '']","['', '', '', '', '', '']","['', '', '', '', '', '']","['', '', '', '', '', '']","['', '', '', '', '', '']","['', '', '', '', '', '']","['374969', '374969', '374969', '114625', '114625', '']","[""'"", ""'"", ""'"", ""'"", ""'"", ""']""]"
3,3,chr1,112723830,112723831,G,A,G,1,11,28,b2a8da4b-6c32-4afb-a23d-bd14f858be58,TCGA-AB-2871,b4bc4666-13ba-4864-be9b-89ff8a0a1bd8,"[""['A"", "" 'A""]","['intron_variant', 'intron_variant']","['MODIFIER', 'MODIFIER']","['FAM19A3', 'FAM19A3']","['ENSG00000184599', 'ENSG00000184599']","['Transcript', 'Transcript']","['ENST00000369630', 'ENST00000361886']","['protein_coding', 'protein_coding']","['', '']","['3/4', '3/4']","['ENST00000369630.6:c.266-115G>A', 'ENST00000361886.3:c.266-183G>A']","['', '']","['-/1282', '-/1056']","['-/510', '-/402']","['-/169', '-/133']","['', '']","['', '']","['rs113144688', 'rs113144688']","['1', '1']","['', '']","['1', '1']","['', '']","['SNV', 'SNV']","['HGNC', 'HGNC']","['HGNC:21590', 'HGNC:21590']","['YES', '']","['1', '1']","['', '']","['CCDS30806.1', 'CCDS856.1']","['ENSP00000358644', 'ENSP00000355042']","['Q7Z5A8', 'Q7Z5A8']","['', '']","['UPI0000160A38', '']","['NM_001004440.1', 'NM_182759.2']","['', '']","['', '']","['', '']","['', '']","['', '']","['A:0.0276', 'A:0.0276']","['A:0.0968', 'A:0.0968']","['A:0.0130', 'A:0.0130']","['A:0.0010', 'A:0.0010']","['A:0.0000', 'A:0.0000']","['A:0.0000', 'A:0.0000']","['', '']","['', '']","['', '']","['', '']","['', '']","['', '']","['', '']","['', '']","['', '']","['', '']","['', '']","['', '']","['', '']","['', '']","['', '']","['', '']","['', '']","['', '']","['', '']","['284467', '284467']","[""E_Multiple_observations&E_Freq&E_1000G'"", ""E_Multiple_observations&E_Freq&E_1000G']""]"
4,4,chr1,178470804,178470805,T,C,T,12,10,28,b2a8da4b-6c32-4afb-a23d-bd14f858be58,TCGA-AB-2871,b4bc4666-13ba-4864-be9b-89ff8a0a1bd8,"[""['C"", "" 'C"", "" 'C"", "" 'C""]","['intron_variant', 'intron_variant', 'intron_variant', 'regulatory_region_variant']","['MODIFIER', 'MODIFIER', 'MODIFIER', 'MODIFIER']","['RASAL2', 'RASAL2', 'RASAL2', '']","['ENSG00000075391', 'ENSG00000075391', 'ENSG00000075391', '']","['Transcript', 'Transcript', 'Transcript', 'RegulatoryFeature']","['ENST00000462775', 'ENST00000367649', 'ENST00000433130', 'ENSR00001765536']","['protein_coding', 'protein_coding', 'protein_coding', 'enhancer']","['', '', '', '']","['15/15', '17/17', '8/8', '']","['ENST00000462775.4:c.3256-2271T>C', 'ENST00000367649.6:c.3679-2271T>C', 'ENST00000433130.2:c.1937+81T>C', '']","['', '', '', '']","['-/14453', '-/4378', '-/2385', '']","['-/3420', '-/3843', '-/2082', '']","['-/1139', '-/1280', '-/693', '']","['', '', '', '']","['', '', '', '']","['', '', '', '']","['1', '1', '1', '1']","['', '', '', '']","['1', '1', '1', '']","['', '', 'cds_start_NF', '']","['SNV', 'SNV', 'SNV', 'SNV']","['HGNC', 'HGNC', 'HGNC', '']","['HGNC:9874', 'HGNC:9874', 'HGNC:9874', '']","['', 'YES', '', '']","['1', '1', '2', '']","['', '', '', '']","['CCDS1322.1', 'CCDS1321.2', '', '']","['ENSP00000420558', 'ENSP00000356621', 'ENSP00000402897', '']","['Q9UJF2', 'Q9UJF2', '', '']","['', '', 'H0Y638', '']","['UPI000012FFF1', 'UPI00019B254F', 'UPI0001B798D2', '']","['NM_004841.3', 'NM_170692.2', '', '']","['', '', '', '']","['', '', '', '']","['', '', '', '']","['', '', '', '']","['', '', '', '']","['', '', '', '']","['', '', '', '']","['', '', '', '']","['', '', '', '']","['', '', '', '']","['', '', '', '']","['', '', '', '']","['', '', '', '']","['', '', '', '']","['', '', '', '']","['', '', '', '']","['', '', '', '']","['', '', '', '']","['', '', '', '']","['', '', '', '']","['', '', '', '']","['', '', '', '']","['', '', '', '']","['', '', '', '']","['', '', '', '']","['', '', '', '']","['', '', '', '']","['', '', '', '']","['', '', '', '']","['', '', '', '']","['9462', '9462', '9462', '']","[""'"", ""'"", ""'"", ""']""]"
5,5,chr2,104678443,104678444,T,C,T,4,11,28,b2a8da4b-6c32-4afb-a23d-bd14f858be58,TCGA-AB-2871,b4bc4666-13ba-4864-be9b-89ff8a0a1bd8,"[""['C""]",['non_coding_transcript_exon_variant&non_coding_transcript_variant'],['MODIFIER'],['RPL23AP27'],['ENSG00000225669'],['Transcript'],['ENST00000415161'],['processed_pseudogene'],['1/1'],[''],['ENST00000415161.1:n.221T>C'],[''],['221/451'],[''],[''],[''],[''],[''],['1'],[''],['1'],[''],['SNV'],['HGNC'],['HGNC:36497'],['YES'],[''],[''],[''],[''],[''],[''],[''],[''],[''],[''],[''],[''],[''],[''],[''],[''],[''],[''],[''],[''],[''],[''],[''],[''],[''],[''],[''],[''],[''],[''],[''],[''],[''],[''],[''],[''],[''],[''],['100271456'],"[""']""]"
6,6,chr2,131532891,131532892,G,A,G,2,15,28,b2a8da4b-6c32-4afb-a23d-bd14f858be58,TCGA-AB-2871,b4bc4666-13ba-4864-be9b-89ff8a0a1bd8,"[""['A"", "" 'A"", "" 'A"", "" 'A"", "" 'A"", "" 'A"", "" 'A"", "" 'A"", "" 'A""]","['downstream_gene_variant', 'missense_variant', 'missense_variant', 'downstream_gene_variant', 'downstream_gene_variant', 'downstream_gene_variant', 'synonymous_variant', 'synonymous_variant', 'downstream_gene_variant']","['MODIFIER', 'MODERATE', 'MODERATE', 'MODIFIER', 'MODIFIER', 'MODIFIER', 'LOW', 'LOW', 'MODIFIER']","['CCDC74A', 'CCDC74A', 'CCDC74A', 'MED15P4', 'CCDC74A', 'CCDC74A', 'CCDC74A', 'CCDC74A', 'CCDC74A']","['ENSG00000163040', 'ENSG00000163040', 'ENSG00000163040', 'ENSG00000224679', 'ENSG00000163040', 'ENSG00000163040', 'ENSG00000163040', 'ENSG00000163040', 'ENSG00000163040']","['Transcript', 'Transcript', 'Transcript', 'Transcript', 'Transcript', 'Transcript', 'Transcript', 'Transcript', 'Transcript']","['ENST00000465939', 'ENST00000409856', 'ENST00000295171', 'ENST00000417579', 'ENST00000454549', 'ENST00000478665', 'ENST00000434330', 'ENST00000467992', 'ENST00000468650']","['retained_intron', 'protein_coding', 'protein_coding', 'unprocessed_pseudogene', 'nonsense_mediated_decay', 'processed_transcript', 'protein_coding', 'protein_coding', 'retained_intron']","['', '6/8', '6/8', '', '', '', '5/5', '5/7', '']","['', '', '', '', '', '', '', '', '']","['', 'ENST00000409856.6:c.706G>A', 'ENST00000295171.9:c.904G>A', '', '', '', 'ENST00000434330.1:c.570G>A', 'ENST00000467992.5:c.711G>A', '']","['', 'ENSP00000387009.3:p.Gly236Arg', 'ENSP00000295171.6:p.Gly302Arg', '', '', '', 'ENST00000434330.1:c.570G>A(p.%3D)', 'ENST00000467992.5:c.711G>A(p.%3D)', '']","['-/1080', '797/1298', '1042/1543', '-/393', '-/930', '-/516', '801/851', '848/1347', '-/762']","['', '706/939', '904/1137', '', '-/408', '', '570/620', '711/819', '']","['', '236/312', '302/378', '', '-/135', '', '190/206', '237/272', '']","['', 'G/R', 'G/R', '', '', '', 'K', 'K', '']","['', 'Ggg/Agg', 'Ggg/Agg', '', '', '', 'aaG/aaA', 'aaG/aaA', '']","['rs13660', 'rs13660', 'rs13660', 'rs13660', 'rs13660', 'rs13660', 'rs13660', 'rs13660', 'rs13660']","['1', '1', '1', '1', '1', '1', '1', '1', '1']","['2711', '', '', '2296', '2054', '3142', '', '', '3200']","['1', '1', '1', '-1', '1', '1', '1', '1', '1']","['', '', '', '', '', '', 'cds_end_NF', '', '']","['SNV', 'SNV', 'SNV', 'SNV', 'SNV', 'SNV', 'SNV', 'SNV', 'SNV']","['HGNC', 'HGNC', 'HGNC', 'HGNC', 'HGNC', 'HGNC', 'HGNC', 'HGNC', 'HGNC']","['HGNC:25197', 'HGNC:25197', 'HGNC:25197', 'HGNC:48653', 'HGNC:25197', 'HGNC:25197', 'HGNC:25197', 'HGNC:25197', 'HGNC:25197']","['', '', 'YES', 'YES', '', '', '', '', '']","['1', '1', '1', '', '3', '3', '5', '1', '3']","['', '', '', '', '', '', '', '', '']","['', 'CCDS58732.1', 'CCDS2167.1', '', '', '', '', 'CCDS74578.1', '']","['', 'ENSP00000387009', 'ENSP00000295171', '', 'ENSP00000388252', '', 'ENSP00000406839', 'ENSP00000444610', '']","['', 'Q96AQ1', 'Q96AQ1', '', '', '', '', '', '']","['', '', '', '', 'F8WEI8', '', 'C9IYK9', 'F5GZA4', '']","['', '', 'UPI000006E43A', '', 'UPI0000DD7AF2', '', 'UPI000198C600', 'UPI0002590C2A', '']","['', 'NM_001258306.1', 'NM_001258304.1&NM_138770.2', '', '', '', '', 'NM_001258305.1', '']","['', '', '', '', '', '', '', '', '']","['', 'tolerated(0.16)', 'tolerated(0.19)', '', '', '', '', '', '']","['', 'benign(0.007)', 'benign(0.028)', '', '', '', '', '', '']","['', '', '', '', '', '', '', '', '']","['', '', '', '', '', '', '', '', '']","['A:0.1228', 'A:0.1228', 'A:0.1228', 'A:0.1228', 'A:0.1228', 'A:0.1228', 'A:0.1228', 'A:0.1228', 'A:0.1228']","['A:0.2965', 'A:0.2965', 'A:0.2965', 'A:0.2965', 'A:0.2965', 'A:0.2965', 'A:0.2965', 'A:0.2965', 'A:0.2965']","['A:0.0850', 'A:0.0850', 'A:0.0850', 'A:0.0850', 'A:0.0850', 'A:0.0850', 'A:0.0850', 'A:0.0850', 'A:0.0850']","['A:0.0040', 'A:0.0040', 'A:0.0040', 'A:0.0040', 'A:0.0040', 'A:0.0040', 'A:0.0040', 'A:0.0040', 'A:0.0040']","['A:0.1014', 'A:0.1014', 'A:0.1014', 'A:0.1014', 'A:0.1014', 'A:0.1014', 'A:0.1014', 'A:0.1014', 'A:0.1014']","['A:0.0593', 'A:0.0593', 'A:0.0593', 'A:0.0593', 'A:0.0593', 'A:0.0593', 'A:0.0593', 'A:0.0593', 'A:0.0593']","['A:0.2399', 'A:0.2399', 'A:0.2399', 'A:0.2399', 'A:0.2399', 'A:0.2399', 'A:0.2399', 'A:0.2399', 'A:0.2399']","['A:0.0972', 'A:0.0972', 'A:0.0972', 'A:0.0972', 'A:0.0972', 'A:0.0972', 'A:0.0972', 'A:0.0972', 'A:0.0972']","['A:0.092', 'A:0.092', 'A:0.092', 'A:0.092', 'A:0.092', 'A:0.092', 'A:0.092', 'A:0.092', 'A:0.092']","['A:0.09165', 'A:0.09165', 'A:0.09165', 'A:0.09165', 'A:0.09165', 'A:0.09165', 'A:0.09165', 'A:0.09165', 'A:0.09165']","['A:0.2575', 'A:0.2575', 'A:0.2575', 'A:0.2575', 'A:0.2575', 'A:0.2575', 'A:0.2575', 'A:0.2575', 'A:0.2575']","['A:0.05203', 'A:0.05203', 'A:0.05203', 'A:0.05203', 'A:0.05203', 'A:0.05203', 'A:0.05203', 'A:0.05203', 'A:0.05203']","['A:0.003123', 'A:0.003123', 'A:0.003123', 'A:0.003123', 'A:0.003123', 'A:0.003123', 'A:0.003123', 'A:0.003123', 'A:0.003123']","['A:0.05889', 'A:0.05889', 'A:0.05889', 'A:0.05889', 'A:0.05889', 'A:0.05889', 'A:0.05889', 'A:0.05889', 'A:0.05889']","['A:0.09443', 'A:0.09443', 'A:0.09443', 'A:0.09443', 'A:0.09443', 'A:0.09443', 'A:0.09443', 'A:0.09443', 'A:0.09443']","['A:0.06984', 'A:0.06984', 'A:0.06984', 'A:0.06984', 'A:0.06984', 'A:0.06984', 'A:0.06984', 'A:0.06984', 'A:0.06984']","['A:0.0656', 'A:0.0656', 'A:0.0656', 'A:0.0656', 'A:0.0656', 'A:0.0656', 'A:0.0656', 'A:0.0656', 'A:0.0656']","['', '', '', '', '', '', '', '', '']","['', '', '', '', '', '', '', '', '']","['', '', '', '', '', '', '', '', '']","['', '', '', '', '', '', '', '', '']","['', '', '', '', '', '', '', '', '']","['', '', '', '', '', '', '', '', '']","['', '', '', '', '', '', '', '', '']","['', '', '', '', '', '', '', '', '']","['90557', '90557', '90557', '100127989', '90557', '90557', '90557', '90557', '90557']","[""E_Multiple_observations&E_Freq&E_1000G&E_ESP&E_ExAC'"", ""E_Multiple_observations&E_Freq&E_1000G&E_ESP&E_ExAC'"", ""E_Multiple_observations&E_Freq&E_1000G&E_ESP&E_ExAC'"", ""E_Multiple_observations&E_Freq&E_1000G&E_ESP&E_ExAC'"", ""E_Multiple_observations&E_Freq&E_1000G&E_ESP&E_ExAC'"", ""E_Multiple_observations&E_Freq&E_1000G&E_ESP&E_ExAC'"", ""E_Multiple_observations&E_Freq&E_1000G&E_ESP&E_ExAC'"", ""E_Multiple_observations&E_Freq&E_1000G&E_ESP&E_ExAC'"", ""E_Multiple_observations&E_Freq&E_1000G&E_ESP&E_ExAC']""]"
7,7,chr2,135898778,135898779,A,A,G,13,3,28,b2a8da4b-6c32-4afb-a23d-bd14f858be58,TCGA-AB-2871,b4bc4666-13ba-4864-be9b-89ff8a0a1bd8,"[""['G""]",['non_coding_transcript_exon_variant&non_coding_transcript_variant'],['MODIFIER'],['AC011999.1'],['ENSG00000214070'],['Transcript'],['ENST00000424794'],['processed_pseudogene'],['1/1'],[''],['ENST00000424794.1:n.201T>C'],[''],['201/1024'],[''],[''],[''],[''],[''],['1'],[''],['-1'],[''],['SNV'],['Clone_based_vega_gene'],[''],['YES'],[''],[''],[''],[''],[''],[''],[''],[''],[''],[''],[''],[''],[''],[''],[''],[''],[''],[''],[''],[''],[''],[''],[''],[''],[''],[''],[''],[''],[''],[''],[''],[''],[''],[''],[''],[''],[''],[''],[''],"[""']""]"
8,8,chr4,76036090,76036091,T,C,T,1,11,28,b2a8da4b-6c32-4afb-a23d-bd14f858be58,TCGA-AB-2871,b4bc4666-13ba-4864-be9b-89ff8a0a1bd8,"[""['C"", "" 'C"", "" 'C"", "" 'C"", "" 'C"", "" 'C"", "" 'C"", "" 'C"", "" 'C""]","['intron_variant', 'downstream_gene_variant', 'intron_variant&non_coding_transcript_variant', 'intron_variant', 'intron_variant', 'intron_variant', '5_prime_UTR_variant', 'intron_variant', 'regulatory_region_variant']","['MODIFIER', 'MODIFIER', 'MODIFIER', 'MODIFIER', 'MODIFIER', 'MODIFIER', 'MODIFIER', 'MODIFIER', 'MODIFIER']","['ART3', 'RP11-630D6.1', 'ART3', 'CXCL11', 'ART3', 'ART3', 'CXCL11', 'ART3', '']","['ENSG00000156219', 'ENSG00000225846', 'ENSG00000156219', 'ENSG00000169248', 'ENSG00000156219', 'ENSG00000156219', 'ENSG00000169248', 'ENSG00000156219', '']","['Transcript', 'Transcript', 'Transcript', 'Transcript', 'Transcript', 'Transcript', 'Transcript', 'Transcript', 'RegulatoryFeature']","['ENST00000513122', 'ENST00000477971', 'ENST00000510669', 'ENST00000503860', 'ENST00000513353', 'ENST00000341029', 'ENST00000306621', 'ENST00000504914', 'ENSR00002009250']","['protein_coding', 'processed_pseudogene', 'processed_transcript', 'protein_coding', 'protein_coding', 'protein_coding', 'protein_coding', 'protein_coding', 'enhancer']","['', '', '', '', '', '', '1/4', '', '']","['1/4', '', '1/9', '1/4', '1/3', '1/9', '', '1/2', '']","['ENST00000513122.4:c.-124-21900T>C', '', 'ENST00000510669.4:n.121+24770T>C', 'ENST00000503860.1:c.-77-26A>G', 'ENST00000513353.4:c.-43-22502T>C', 'ENST00000341029.8:c.-10+24770T>C', 'ENST00000306621.6:c.-103A>G', 'ENST00000504914.4:c.-10+23847T>C', '']","['', '', '', '', '', '', '', '', '']","['-/801', '-/315', '-/772', '-/767', '-/502', '-/1517', '108/1606', '-/545', '']","['-/605', '', '', '-/285', '-/322', '-/1104', '-/285', '-/389', '']","['-/201', '', '', '-/94', '-/107', '-/367', '-/94', '-/129', '']","['', '', '', '', '', '', '', '', '']","['', '', '', '', '', '', '', '', '']","['rs10021313', 'rs10021313', 'rs10021313', 'rs10021313', 'rs10021313', 'rs10021313', 'rs10021313', 'rs10021313', 'rs10021313']","['1', '1', '1', '1', '1', '1', '1', '1', '1']","['', '660', '', '', '', '', '', '', '']","['1', '-1', '1', '-1', '1', '1', '-1', '1', '']","['cds_end_NF', '', '', '', 'cds_end_NF', '', '', 'cds_end_NF', '']","['SNV', 'SNV', 'SNV', 'SNV', 'SNV', 'SNV', 'SNV', 'SNV', 'SNV']","['HGNC', 'Clone_based_vega_gene', 'HGNC', 'HGNC', 'HGNC', 'HGNC', 'HGNC', 'HGNC', '']","['HGNC:725', '', 'HGNC:725', 'HGNC:10638', 'HGNC:725', 'HGNC:725', 'HGNC:10638', 'HGNC:725', '']","['', 'YES', '', '', '', '', 'YES', '', '']","['1', '', '3', '3', '1', '1', '1', '4', '']","['', '', '', '', '', '', '', '', '']","['', '', '', 'CCDS3574.1', '', 'CCDS47080.1', 'CCDS3574.1', '', '']","['ENSP00000422287', '', '', 'ENSP00000425819', 'ENSP00000421345', 'ENSP00000343843', 'ENSP00000306884', 'ENSP00000421431', '']","['', '', '', 'O14625', '', 'Q13508', 'O14625', '', '']","['E7ESB3', '', '', '', 'E9PGR5', '', '', 'E7EX61', '']","['UPI0001D3B4B1', '', '', 'UPI0000030067', 'UPI0001D3B4B0', 'UPI000002AECE', 'UPI0000030067', 'UPI0001D3B4B2', '']","['', '', '', '', '', 'NM_001130017.2', 'NM_005409.4&NM_001302123.1', '', '']","['', '', '', '', '', '', '', '', '']","['', '', '', '', '', '', '', '', '']","['', '', '', '', '', '', '', '', '']","['', '', '', '', '', '', '', '', '']","['', '', '', '', '', '', '', '', '']","['C:0.0725', 'C:0.0725', 'C:0.0725', 'C:0.0725', 'C:0.0725', 'C:0.0725', 'C:0.0725', 'C:0.0725', 'C:0.0725']","['C:0.2542', 'C:0.2542', 'C:0.2542', 'C:0.2542', 'C:0.2542', 'C:0.2542', 'C:0.2542', 'C:0.2542', 'C:0.2542']","['C:0.0159', 'C:0.0159', 'C:0.0159', 'C:0.0159', 'C:0.0159', 'C:0.0159', 'C:0.0159', 'C:0.0159', 'C:0.0159']","['C:0.0000', 'C:0.0000', 'C:0.0000', 'C:0.0000', 'C:0.0000', 'C:0.0000', 'C:0.0000', 'C:0.0000', 'C:0.0000']","['C:0.0129', 'C:0.0129', 'C:0.0129', 'C:0.0129', 'C:0.0129', 'C:0.0129', 'C:0.0129', 'C:0.0129', 'C:0.0129']","['C:0.0031', 'C:0.0031', 'C:0.0031', 'C:0.0031', 'C:0.0031', 'C:0.0031', 'C:0.0031', 'C:0.0031', 'C:0.0031']","['', '', '', '', '', '', '', '', '']","['', '', '', '', '', '', '', '', '']","['', '', '', '', '', '', '', '', '']","['', '', '', '', '', '', '', '', '']","['', '', '', '', '', '', '', '', '']","['', '', '', '', '', '', '', '', '']","['', '', '', '', '', '', '', '', '']","['', '', '', '', '', '', '', '', '']","['', '', '', '', '', '', '', '', '']","['', '', '', '', '', '', '', '', '']","['', '', '', '', '', '', '', '', '']","['', '', '', '', '', '', '', '', '']","['', '', '', '', '', '', '', '', '']","['', '', '', '', '', '', '', '', '']","['', '', '', '', '', '', '', '', '']","['', '', '', '', '', '', '', '', '']","['', '', '', '', '', '', '', '', '']","['', '', '', '', '', '', '', '', '']","['', '', '', '', '', '', '', '', '']","['419', '', '419', '6373', '419', '419', '6373', '419', '']","[""E_Multiple_observations&E_Freq&E_Hapmap&E_1000G'"", ""E_Multiple_observations&E_Freq&E_Hapmap&E_1000G'"", ""E_Multiple_observations&E_Freq&E_Hapmap&E_1000G'"", ""E_Multiple_observations&E_Freq&E_Hapmap&E_1000G'"", ""E_Multiple_observations&E_Freq&E_Hapmap&E_1000G'"", ""E_Multiple_observations&E_Freq&E_Hapmap&E_1000G'"", ""E_Multiple_observations&E_Freq&E_Hapmap&E_1000G'"", ""E_Multiple_observations&E_Freq&E_Hapmap&E_1000G'"", ""E_Multiple_observations&E_Freq&E_Hapmap&E_1000G']""]"
9,9,chr6,136900399,136900400,T,G,T,9,13,28,b2a8da4b-6c32-4afb-a23d-bd14f858be58,TCGA-AB-2871,b4bc4666-13ba-4864-be9b-89ff8a0a1bd8,"[""['G"", "" 'G"", "" 'G""]","['non_coding_transcript_exon_variant&non_coding_transcript_variant', 'non_coding_transcript_exon_variant&non_coding_transcript_variant', 'intron_variant']","['MODIFIER', 'MODIFIER', 'MODIFIER']","['RP11-55K22.2', 'RP11-55K22.2', 'PEX7']","['ENSG00000213109', 'ENSG00000213109', 'ENSG00000112357']","['Transcript', 'Transcript', 'Transcript']","['ENST00000574864', 'ENST00000425027', 'ENST00000318471']","['processed_transcript', 'transcribed_processed_pseudogene', 'protein_coding']","['1/1', '1/1', '']","['', '', '9/9']","['ENST00000574864.1:n.1131A>C', 'ENST00000425027.2:n.759A>C', 'ENST00000318471.4:c.903+2158T>G']","['', '', '']","['1131/1297', '759/780', '-/1464']","['', '', '-/972']","['', '', '-/323']","['', '', '']","['', '', '']","['', '', '']","['1', '1', '1']","['', '', '']","['-1', '-1', '1']","['', '', '']","['SNV', 'SNV', 'SNV']","['Clone_based_vega_gene', 'Clone_based_vega_gene', 'HGNC']","['', '', 'HGNC:8860']","['YES', '', 'YES']","['', '', '1']","['', '', '']","['', '', 'CCDS5180.1']","['', '', 'ENSP00000315680']","['', '', 'O00628']","['', '', 'Q6FGN1']","['', '', 'UPI00001316F3']","['', '', 'NM_000288.3']","['', '', '']","['', '', '']","['', '', '']","['', '', '']","['', '', '']","['', '', '']","['', '', '']","['', '', '']","['', '', '']","['', '', '']","['', '', '']","['', '', '']","['', '', '']","['', '', '']","['', '', '']","['', '', '']","['', '', '']","['', '', '']","['', '', '']","['', '', '']","['', '', '']","['', '', '']","['', '', '']","['', '', '']","['', '', '']","['', '', '']","['', '', '']","['', '', '']","['', '', '']","['', '', '']","['', '', '5191']","[""'"", ""'"", ""']""]"
10,10,chr7,105206113,105206114,T,C,T,4,11,28,b2a8da4b-6c32-4afb-a23d-bd14f858be58,TCGA-AB-2871,b4bc4666-13ba-4864-be9b-89ff8a0a1bd8,"[""['C"", "" 'C"", "" 'C"", "" 'C"", "" 'C"", "" 'C"", "" 'C"", "" 'C"", "" 'C"", "" 'C"", "" 'C"", "" 'C""]","['intron_variant', 'downstream_gene_variant', 'intron_variant', 'intron_variant', 'intron_variant&NMD_transcript_variant', 'upstream_gene_variant', 'intron_variant', 'intron_variant&non_coding_transcript_variant', 'intron_variant&non_coding_transcript_variant', 'intron_variant', 'upstream_gene_variant', 'regulatory_region_variant']","['MODIFIER', 'MODIFIER', 'MODIFIER', 'MODIFIER', 'MODIFIER', 'MODIFIER', 'MODIFIER', 'MODIFIER', 'MODIFIER', 'MODIFIER', 'MODIFIER', 'MODIFIER']","['SRPK2', 'CTB-152G17.4', 'SRPK2', 'SRPK2', 'SRPK2', 'SRPK2', 'SRPK2', 'SRPK2', 'SRPK2', 'SRPK2', 'SRPK2', '']","['ENSG00000135250', 'ENSG00000271482', 'ENSG00000135250', 'ENSG00000135250', 'ENSG00000135250', 'ENSG00000135250', 'ENSG00000135250', 'ENSG00000135250', 'ENSG00000135250', 'ENSG00000135250', 'ENSG00000135250', '']","['Transcript', 'Transcript', 'Transcript', 'Transcript', 'Transcript', 'Transcript', 'Transcript', 'Transcript', 'Transcript', 'Transcript', 'Transcript', 'RegulatoryFeature']","['ENST00000460391', 'ENST00000604391', 'ENST00000489828', 'ENST00000482897', 'ENST00000465112', 'ENST00000476117', 'ENST00000357311', 'ENST00000462282', 'ENST00000482862', 'ENST00000393651', 'ENST00000485455', 'ENSR00002084794']","['protein_coding', 'processed_pseudogene', 'protein_coding', 'protein_coding', 'nonsense_mediated_decay', 'retained_intron', 'protein_coding', 'processed_transcript', 'processed_transcript', 'protein_coding', 'processed_transcript', 'enhancer']","['', '', '', '', '', '', '', '', '', '', '', '']","['3/6', '', '3/16', '2/6', '5/5', '', '1/14', '3/3', '3/3', '2/15', '', '']","['ENST00000460391.4:c.39-2328A>G', '', 'ENST00000489828.4:c.39-2328A>G', 'ENST00000482897.4:c.183-2328A>G', 'ENST00000465112.4:c.*178-2328A>G', '', 'ENST00000357311.6:c.39-2328A>G', 'ENST00000462282.4:n.346+288A>G', 'ENST00000482862.1:n.267-2328A>G', 'ENST00000393651.6:c.72-2328A>G', '', '']","['', '', '', '', '', '', '', '', '', '', '', '']","['-/666', '-/260', '-/2560', '-/715', '-/568', '-/703', '-/3700', '-/505', '-/329', '-/3650', '-/436', '']","['-/481', '', '-/2067', '-/694', '-/207', '', '-/2067', '', '', '-/2100', '', '']","['-/160', '', '-/688', '-/231', '-/68', '', '-/688', '', '', '-/699', '', '']","['', '', '', '', '', '', '', '', '', '', '', '']","['', '', '', '', '', '', '', '', '', '', '', '']","['', '', '', '', '', '', '', '', '', '', '', '']","['1', '1', '1', '1', '1', '1', '1', '1', '1', '1', '1', '1']","['', '1254', '', '', '', '2381', '', '', '', '', '2457', '']","['-1', '1', '-1', '-1', '-1', '-1', '-1', '-1', '-1', '-1', '-1', '']","['cds_end_NF', '', '', 'cds_end_NF', '', '', '', '', '', '', '', '']","['SNV', 'SNV', 'SNV', 'SNV', 'SNV', 'SNV', 'SNV', 'SNV', 'SNV', 'SNV', 'SNV', 'SNV']","['HGNC', 'Clone_based_vega_gene', 'HGNC', 'HGNC', 'HGNC', 'HGNC', 'HGNC', 'HGNC', 'HGNC', 'HGNC', 'HGNC', '']","['HGNC:11306', '', 'HGNC:11306', 'HGNC:11306', 'HGNC:11306', 'HGNC:11306', 'HGNC:11306', 'HGNC:11306', 'HGNC:11306', 'HGNC:11306', 'HGNC:11306', '']","['', 'YES', '', '', '', '', '', '', '', 'YES', '', '']","['2', '', '1', '5', '3', '2', '1', '3', '5', '2', '3', '']","['', '', '', '', '', '', '', '', '', '', '', '']","['', '', 'CCDS5735.1', '', '', '', 'CCDS5735.1', '', '', 'CCDS34724.1', '', '']","['ENSP00000417357', '', 'ENSP00000419791', 'ENSP00000419240', 'ENSP00000417446', '', 'ENSP00000349863', '', '', 'ENSP00000377262', '', '']","['', '', 'P78362', '', '', '', 'P78362', '', '', 'P78362', '', '']","['C9J2M4', '', 'A0A024R704', 'C9JWF7', 'F8WAV6', '', 'A0A024R704', '', '', '', '', '']","['UPI0001B791F2', '', 'UPI000007420D', 'UPI0001B791F1', '', '', 'UPI000007420D', '', '', 'UPI00001A4785', '', '']","['', '', 'NM_001278273.1', '', '', '', 'NM_182691.2', '', '', 'NM_182692.2', '', '']","['', '', '', '', '', '', '', '', '', '', '', '']","['', '', '', '', '', '', '', '', '', '', '', '']","['', '', '', '', '', '', '', '', '', '', '', '']","['', '', '', '', '', '', '', '', '', '', '', '']","['', '', '', '', '', '', '', '', '', '', '', '']","['', '', '', '', '', '', '', '', '', '', '', '']","['', '', '', '', '', '', '', '', '', '', '', '']","['', '', '', '', '', '', '', '', '', '', '', '']","['', '', '', '', '', '', '', '', '', '', '', '']","['', '', '', '', '', '', '', '', '', '', '', '']","['', '', '', '', '', '', '', '', '', '', '', '']","['', '', '', '', '', '', '', '', '', '', '', '']","['', '', '', '', '', '', '', '', '', '', '', '']","['', '', '', '', '', '', '', '', '', '', '', '']","['', '', '', '', '', '', '', '', '', '', '', '']","['', '', '', '', '', '', '', '', '', '', '', '']","['', '', '', '', '', '', '', '', '', '', '', '']","['', '', '', '', '', '', '', '', '', '', '', '']","['', '', '', '', '', '', '', '', '', '', '', '']","['', '', '', '', '', '', '', '', '', '', '', '']","['', '', '', '', '', '', '', '', '', '', '', '']","['', '', '', '', '', '', '', '', '', '', '', '']","['', '', '', '', '', '', '', '', '', '', '', '']","['', '', '', '', '', '', '', '', '', '', '', '']","['', '', '', '', '', '', '', '', '', '', '', '']","['', '', '', '', '', '', '', '', '', '', '', '']","['', '', '', '', '', '', '', '', '', '', '', '']","['', '', '', '', '', '', '', '', '', '', '', '']","['', '', '', '', '', '', '', '', '', '', '', '']","['', '', '', '', '', '', '', '', '', '', '', '']","['6733', '', '6733', '6733', '6733', '6733', '6733', '6733', '6733', '6733', '6733', '']","[""'"", ""'"", ""'"", ""'"", ""'"", ""'"", ""'"", ""'"", ""'"", ""'"", ""'"", ""']""]"
11,11,chr9,134155272,134155273,C,C,G,19,4,28,b2a8da4b-6c32-4afb-a23d-bd14f858be58,TCGA-AB-2871,b4bc4666-13ba-4864-be9b-89ff8a0a1bd8,"[""['G""]",['intron_variant'],['MODIFIER'],['WDR5'],['ENSG00000196363'],['Transcript'],['ENST00000358625'],['protein_coding'],[''],['10/13'],['ENST00000358625.3:c.708-68C>G'],[''],['-/3151'],['-/1005'],['-/334'],[''],[''],[''],['1'],[''],['1'],[''],['SNV'],['HGNC'],['HGNC:12757'],['YES'],['1'],[''],['CCDS6981.1'],['ENSP00000351446'],['P61964'],[''],['UPI00000040F5'],['NM_052821.3&NM_017588.2'],[''],[''],[''],[''],[''],[''],[''],[''],[''],[''],[''],[''],[''],[''],[''],[''],[''],[''],[''],[''],[''],[''],[''],[''],[''],[''],[''],[''],[''],[''],['11091'],"[""']""]"
12,12,chr10,88947447,88947448,C,A,C,18,41,28,b2a8da4b-6c32-4afb-a23d-bd14f858be58,TCGA-AB-2871,b4bc4666-13ba-4864-be9b-89ff8a0a1bd8,"[""['A"", "" 'A"", "" 'A"", "" 'A"", "" 'A"", "" 'A"", "" 'A"", "" 'A"", "" 'A""]","['intron_variant', 'intron_variant', 'intron_variant', 'intron_variant', 'intron_variant', 'downstream_gene_variant', 'intron_variant&non_coding_transcript_variant', 'intron_variant&non_coding_transcript_variant', 'regulatory_region_variant']","['MODIFIER', 'MODIFIER', 'MODIFIER', 'MODIFIER', 'MODIFIER', 'MODIFIER', 'MODIFIER', 'MODIFIER', 'MODIFIER']","['ACTA2', 'ACTA2', 'STAMBPL1', 'ACTA2', 'ACTA2', 'ACTA2', 'ACTA2', 'ACTA2', '']","['ENSG00000107796', 'ENSG00000107796', 'ENSG00000138134', 'ENSG00000107796', 'ENSG00000107796', 'ENSG00000107796', 'ENSG00000107796', 'ENSG00000107796', '']","['Transcript', 'Transcript', 'Transcript', 'Transcript', 'Transcript', 'Transcript', 'Transcript', 'Transcript', 'RegulatoryFeature']","['ENST00000458208', 'ENST00000224784', 'ENST00000371927', 'ENST00000415557', 'ENST00000458159', 'ENST00000482085', 'ENST00000488967', 'ENST00000480297', 'ENSR00001789148']","['protein_coding', 'protein_coding', 'protein_coding', 'protein_coding', 'protein_coding', 'processed_transcript', 'processed_transcript', 'processed_transcript', 'enhancer']","['', '', '', '', '', '', '', '', '']","['2/8', '2/8', '10/10', '2/4', '2/4', '', '2/2', '2/5', '']","['ENST00000458208.4:c.130-61G>T', 'ENST00000224784.9:c.130-61G>T', 'ENST00000371927.6:c.1254+25011C>A', 'ENST00000415557.1:c.130-61G>T', 'ENST00000458159.4:c.130-61G>T', '', 'ENST00000488967.4:n.196-61G>T', 'ENST00000480297.4:n.170-61G>T', '']","['', '', '', '', '', '', '', '', '']","['-/1756', '-/1349', '-/4184', '-/878', '-/744', '-/755', '-/762', '-/884', '']","['-/1134', '-/1134', '-/1386', '-/454', '-/454', '', '', '', '']","['-/377', '-/377', '-/461', '-/151', '-/151', '', '', '', '']","['', '', '', '', '', '', '', '', '']","['', '', '', '', '', '', '', '', '']","['', '', '', '', '', '', '', '', '']","['1', '1', '1', '1', '1', '1', '1', '1', '1']","['', '', '', '', '', '795', '', '', '']","['-1', '-1', '1', '-1', '-1', '-1', '-1', '-1', '']","['', '', '', 'cds_end_NF', 'cds_end_NF', '', '', '', '']","['SNV', 'SNV', 'SNV', 'SNV', 'SNV', 'SNV', 'SNV', 'SNV', 'SNV']","['HGNC', 'HGNC', 'HGNC', 'HGNC', 'HGNC', 'HGNC', 'HGNC', 'HGNC', '']","['HGNC:130', 'HGNC:130', 'HGNC:24105', 'HGNC:130', 'HGNC:130', 'HGNC:130', 'HGNC:130', 'HGNC:130', '']","['YES', '', '', '', '', '', '', '', '']","['1', '1', '2', '3', '3', '2', '2', '2', '']","['', '', '', '', '', '', '', '', '']","['CCDS7392.1', 'CCDS7392.1', '', '', '', '', '', '', '']","['ENSP00000402373', 'ENSP00000224784', 'ENSP00000360995', 'ENSP00000396730', 'ENSP00000398239', '', '', '', '']","['P62736', 'P62736', 'Q96FJ0', '', '', '', '', '', '']","['D2JYH4', 'D2JYH4', '', 'F6QUT6', 'F6UVQ4', '', '', '', '']","['UPI0000000E0F', 'UPI0000000E0F', '', 'UPI000046FDB1', 'UPI000046FDB1', '', '', '', '']","['NM_001141945.1', 'NM_001613.2', '', '', '', '', '', '', '']","['', '', '', '', '', '', '', '', '']","['', '', '', '', '', '', '', '', '']","['', '', '', '', '', '', '', '', '']","['', '', '', '', '', '', '', '', '']","['', '', '', '', '', '', '', '', '']","['', '', '', '', '', '', '', '', '']","['', '', '', '', '', '', '', '', '']","['', '', '', '', '', '', '', '', '']","['', '', '', '', '', '', '', '', '']","['', '', '', '', '', '', '', '', '']","['', '', '', '', '', '', '', '', '']","['', '', '', '', '', '', '', '', '']","['', '', '', '', '', '', '', '', '']","['', '', '', '', '', '', '', '', '']","['', '', '', '', '', '', '', '', '']","['', '', '', '', '', '', '', '', '']","['', '', '', '', '', '', '', '', '']","['', '', '', '', '', '', '', '', '']","['', '', '', '', '', '', '', '', '']","['', '', '', '', '', '', '', '', '']","['', '', '', '', '', '', '', '', '']","['', '', '', '', '', '', '', '', '']","['', '', '', '', '', '', '', '', '']","['', '', '', '', '', '', '', '', '']","['', '', '', '', '', '', '', '', '']","['', '', '', '', '', '', '', '', '']","['', '', '', '', '', '', '', '', '']","['', '', '', '', '', '', '', '', '']","['', '', '', '', '', '', '', '', '']","['', '', '', '', '', '', '', '', '']","['59', '59', '57559', '59', '59', '59', '59', '59', '']","[""'"", ""'"", ""'"", ""'"", ""'"", ""'"", ""'"", ""'"", ""']""]"
13,13,chr11,17721453,17721454,C,C,G,14,3,28,b2a8da4b-6c32-4afb-a23d-bd14f858be58,TCGA-AB-2871,b4bc4666-13ba-4864-be9b-89ff8a0a1bd8,"[""['G"", "" 'G""]","['missense_variant', 'regulatory_region_variant']","['MODERATE', 'MODIFIER']","['MYOD1', '']","['ENSG00000129152', '']","['Transcript', 'RegulatoryFeature']","['ENST00000250003', 'ENSR00001799071']","['protein_coding', 'promoter']","['3/3', '']","['', '']","['ENST00000250003.3:c.908C>G', '']","['ENSP00000250003.3:p.Ala303Gly', '']","['1123/1801', '']","['908/963', '']","['303/320', '']","['A/G', '']","['gCc/gGc', '']","['', '']","['1', '1']","['', '']","['1', '']","['', '']","['SNV', 'SNV']","['HGNC', '']","['HGNC:7611', '']","['YES', '']","['1', '']","['', '']","['CCDS7826.1', '']","['ENSP00000250003', '']","['P15172', '']","['', '']","['UPI000007280C', '']","['NM_002478.4', '']","['', '']","['tolerated(0.1)', '']","['benign(0)', '']","['', '']","['', '']","['', '']","['', '']","['', '']","['', '']","['', '']","['', '']","['', '']","['', '']","['', '']","['', '']","['', '']","['', '']","['', '']","['', '']","['', '']","['', '']","['', '']","['', '']","['', '']","['', '']","['', '']","['', '']","['', '']","['', '']","['', '']","['4654', '']","[""'"", ""']""]"
14,14,chr11,22341861,22341862,T,C,T,8,9,28,b2a8da4b-6c32-4afb-a23d-bd14f858be58,TCGA-AB-2871,b4bc4666-13ba-4864-be9b-89ff8a0a1bd8,"[""['C"", "" 'C"", "" 'C"", "" 'C"", "" 'C""]","['upstream_gene_variant', 'intron_variant', 'upstream_gene_variant', 'upstream_gene_variant', 'upstream_gene_variant']","['MODIFIER', 'MODIFIER', 'MODIFIER', 'MODIFIER', 'MODIFIER']","['CTD-2140G10.2', 'SLC17A6', 'CTD-2140G10.2', 'SLC17A6', 'CTD-2140G10.2']","['ENSG00000254768', 'ENSG00000091664', 'ENSG00000254768', 'ENSG00000091664', 'ENSG00000254768']","['Transcript', 'Transcript', 'Transcript', 'Transcript', 'Transcript']","['ENST00000530569', 'ENST00000263160', 'ENST00000531304', 'ENST00000534115', 'ENST00000528009']","['antisense', 'protein_coding', 'antisense', 'retained_intron', 'antisense']","['', '', '', '', '']","['', '2/11', '', '', '']","['', 'ENST00000263160.3:c.339+81T>C', '', '', '']","['', '', '', '', '']","['-/525', '-/3949', '-/571', '-/573', '-/635']","['', '-/1749', '', '', '']","['', '-/582', '', '', '']","['', '', '', '', '']","['', '', '', '', '']","['', '', '', '', '']","['1', '1', '1', '1', '1']","['3637', '', '3637', '1116', '3616']","['-1', '1', '-1', '1', '-1']","['', '', '', '', '']","['SNV', 'SNV', 'SNV', 'SNV', 'SNV']","['Clone_based_vega_gene', 'HGNC', 'Clone_based_vega_gene', 'HGNC', 'Clone_based_vega_gene']","['', 'HGNC:16703', '', 'HGNC:16703', '']","['', 'YES', '', '', 'YES']","['4', '1', '4', '3', '3']","['', '', '', '', '']","['', 'CCDS7856.1', '', '', '']","['', 'ENSP00000263160', '', '', '']","['', 'Q9P2U8', '', '', '']","['', '', '', '', '']","['', 'UPI0000073F14', '', '', '']","['', 'NM_020346.2', '', '', '']","['', '', '', '', '']","['', '', '', '', '']","['', '', '', '', '']","['', '', '', '', '']","['', '', '', '', '']","['', '', '', '', '']","['', '', '', '', '']","['', '', '', '', '']","['', '', '', '', '']","['', '', '', '', '']","['', '', '', '', '']","['', '', '', '', '']","['', '', '', '', '']","['', '', '', '', '']","['', '', '', '', '']","['', '', '', '', '']","['', '', '', '', '']","['', '', '', '', '']","['', '', '', '', '']","['', '', '', '', '']","['', '', '', '', '']","['', '', '', '', '']","['', '', '', '', '']","['', '', '', '', '']","['', '', '', '', '']","['', '', '', '', '']","['', '', '', '', '']","['', '', '', '', '']","['', '', '', '', '']","['', '', '', '', '']","['', '57084', '', '57084', '']","[""'"", ""'"", ""'"", ""'"", ""']""]"
15,15,chr11,34471141,34471142,A,A,C,11,13,28,b2a8da4b-6c32-4afb-a23d-bd14f858be58,TCGA-AB-2871,b4bc4666-13ba-4864-be9b-89ff8a0a1bd8,"[""['C"", "" 'C"", "" 'C""]","['downstream_gene_variant', 'intron_variant', 'intron_variant&non_coding_transcript_variant']","['MODIFIER', 'MODIFIER', 'MODIFIER']","['CAT', 'CAT', 'CAT']","['ENSG00000121691', 'ENSG00000121691', 'ENSG00000121691']","['Transcript', 'Transcript', 'Transcript']","['ENST00000525707', 'ENST00000241052', 'ENST00000534710']","['processed_transcript', 'protein_coding', 'processed_transcript']","['', '', '']","['', '12/12', '1/1']","['', 'ENST00000241052.4:c.1518+100A>C', 'ENST00000534710.1:n.328+100A>C']","['', '', '']","['-/562', '-/2302', '-/1020']","['', '-/1584', '']","['', '-/527', '']","['', '', '']","['', '', '']","['', '', '']","['1', '1', '1']","['2610', '', '']","['1', '1', '1']","['', '', '']","['SNV', 'SNV', 'SNV']","['HGNC', 'HGNC', 'HGNC']","['HGNC:1516', 'HGNC:1516', 'HGNC:1516']","['', 'YES', '']","['2', '1', '2']","['', '', '']","['', 'CCDS7891.1', '']","['', 'ENSP00000241052', '']","['', 'P04040', '']","['', '', '']","['', 'UPI000002F090', '']","['', 'NM_001752.3', '']","['', '', '']","['', '', '']","['', '', '']","['', '', '']","['', '', '']","['', '', '']","['', '', '']","['', '', '']","['', '', '']","['', '', '']","['', '', '']","['', '', '']","['', '', '']","['', '', '']","['', '', '']","['', '', '']","['', '', '']","['', '', '']","['', '', '']","['', '', '']","['', '', '']","['', '', '']","['', '', '']","['', '', '']","['', '', '']","['', '', '']","['', '', '']","['', '', '']","['', '', '']","['', '', '']","['847', '847', '847']","[""'"", ""'"", ""']""]"
16,16,chr12,113277113,113277114,G,C,G,12,46,28,b2a8da4b-6c32-4afb-a23d-bd14f858be58,TCGA-AB-2871,b4bc4666-13ba-4864-be9b-89ff8a0a1bd8,"[""['C"", "" 'C"", "" 'C"", "" 'C"", "" 'C"", "" 'C"", "" 'C"", "" 'C"", "" 'C""]","['intron_variant', 'intron_variant', 'intron_variant&non_coding_transcript_variant', 'intron_variant&non_coding_transcript_variant', 'upstream_gene_variant', 'intron_variant', 'intron_variant', 'intron_variant', 'intron_variant&non_coding_transcript_variant']","['MODIFIER', 'MODIFIER', 'MODIFIER', 'MODIFIER', 'MODIFIER', 'MODIFIER', 'MODIFIER', 'MODIFIER', 'MODIFIER']","['TPCN1', 'TPCN1', 'TPCN1', 'TPCN1', 'TPCN1', 'TPCN1', 'TPCN1', 'TPCN1', 'TPCN1']","['ENSG00000186815', 'ENSG00000186815', 'ENSG00000186815', 'ENSG00000186815', 'ENSG00000186815', 'ENSG00000186815', 'ENSG00000186815', 'ENSG00000186815', 'ENSG00000186815']","['Transcript', 'Transcript', 'Transcript', 'Transcript', 'Transcript', 'Transcript', 'Transcript', 'Transcript', 'Transcript']","['ENST00000541517', 'ENST00000546781', 'ENST00000551127', 'ENST00000428632', 'ENST00000546503', 'ENST00000392569', 'ENST00000550785', 'ENST00000335509', 'ENST00000552077']","['protein_coding', 'protein_coding', 'retained_intron', 'retained_intron', 'retained_intron', 'protein_coding', 'protein_coding', 'protein_coding', 'retained_intron']","['', '', '', '', '', '', '', '', '']","['11/27', '1/7', '1/15', '10/18', '', '10/26', '12/28', '11/27', '11/26']","['ENST00000541517.4:c.1275+78G>C', 'ENST00000546781.4:c.118+78G>C', 'ENST00000551127.4:n.33+78G>C', 'ENST00000428632.6:n.1188+78G>C', '', 'ENST00000392569.7:c.855+78G>C', 'ENST00000550785.4:c.1275+78G>C', 'ENST00000335509.9:c.1059+78G>C', 'ENST00000552077.4:n.1325+78G>C']","['', '', '', '', '', '', '', '', '']","['-/5173', '-/610', '-/2975', '-/2296', '-/389', '-/2558', '-/5345', '-/5274', '-/3293']","['-/2667', '-/612', '', '', '', '-/2247', '-/2667', '-/2451', '']","['-/888', '-/204', '', '', '', '-/748', '-/888', '-/816', '']","['', '', '', '', '', '', '', '', '']","['', '', '', '', '', '', '', '', '']","['', '', '', '', '', '', '', '', '']","['1', '1', '1', '1', '1', '1', '1', '1', '1']","['', '', '', '', '140', '', '', '', '']","['1', '1', '1', '1', '1', '1', '1', '1', '1']","['', 'cds_start_NF&cds_end_NF', '', '', '', '', '', '', '']","['SNV', 'SNV', 'SNV', 'SNV', 'SNV', 'SNV', 'SNV', 'SNV', 'SNV']","['HGNC', 'HGNC', 'HGNC', 'HGNC', 'HGNC', 'HGNC', 'HGNC', 'HGNC', 'HGNC']","['HGNC:18182', 'HGNC:18182', 'HGNC:18182', 'HGNC:18182', 'HGNC:18182', 'HGNC:18182', 'HGNC:18182', 'HGNC:18182', 'HGNC:18182']","['', '', '', '', '', '', 'YES', '', '']","['5', '3', '2', '2', '3', '2', '2', '1', '2']","['', '', '', '', '', '', '', '', '']","['CCDS44985.1', '', '', '', '', '', 'CCDS44985.1', 'CCDS31908.1', '']","['ENSP00000438125', 'ENSP00000449564', '', '', '', 'ENSP00000376350', 'ENSP00000448083', 'ENSP00000335300', '']","['Q9ULQ1', '', '', '', '', '', 'Q9ULQ1', 'Q9ULQ1', '']","['', 'H0YIK4', '', '', '', 'B7Z3R2', '', '', '']","['UPI00004066FB', 'UPI00020CE4EE', '', '', '', 'UPI0000036165', 'UPI00004066FB', 'UPI0000041252', '']","['', '', '', '', '', '', 'NM_001143819.1&NM_001301214.1', 'NM_017901.4&NM_001301214.1', '']","['', '', '', '', '', '', '', '', '']","['', '', '', '', '', '', '', '', '']","['', '', '', '', '', '', '', '', '']","['', '', '', '', '', '', '', '', '']","['', '', '', '', '', '', '', '', '']","['', '', '', '', '', '', '', '', '']","['', '', '', '', '', '', '', '', '']","['', '', '', '', '', '', '', '', '']","['', '', '', '', '', '', '', '', '']","['', '', '', '', '', '', '', '', '']","['', '', '', '', '', '', '', '', '']","['', '', '', '', '', '', '', '', '']","['', '', '', '', '', '', '', '', '']","['', '', '', '', '', '', '', '', '']","['', '', '', '', '', '', '', '', '']","['', '', '', '', '', '', '', '', '']","['', '', '', '', '', '', '', '', '']","['', '', '', '', '', '', '', '', '']","['', '', '', '', '', '', '', '', '']","['', '', '', '', '', '', '', '', '']","['', '', '', '', '', '', '', '', '']","['', '', '', '', '', '', '', '', '']","['', '', '', '', '', '', '', '', '']","['', '', '', '', '', '', '', '', '']","['', '', '', '', '', '', '', '', '']","['', '', '', '', '', '', '', '', '']","['', '', '', '', '', '', '', '', '']","['', '', '', '', '', '', '', '', '']","['', '', '', '', '', '', '', '', '']","['', '', '', '', '', '', '', '', '']","['53373', '53373', '53373', '53373', '53373', '53373', '53373', '53373', '53373']","[""'"", ""'"", ""'"", ""'"", ""'"", ""'"", ""'"", ""'"", ""']""]"
17,17,chr13,110990134,110990135,C,A,C,4,23,28,b2a8da4b-6c32-4afb-a23d-bd14f858be58,TCGA-AB-2871,b4bc4666-13ba-4864-be9b-89ff8a0a1bd8,"[""['A"", "" 'A""]","['non_coding_transcript_exon_variant&non_coding_transcript_variant', 'regulatory_region_variant']","['MODIFIER', 'MODIFIER']","['LINC00431', '']","['ENSG00000225760', '']","['Transcript', 'RegulatoryFeature']","['ENST00000440735', 'ENSR00001844594']","['lincRNA', 'enhancer']","['2/2', '']","['', '']","['ENST00000440735.1:n.254C>A', '']","['', '']","['254/684', '']","['', '']","['', '']","['', '']","['', '']","['rs188686399', 'rs188686399']","['1', '1']","['', '']","['1', '']","['', '']","['SNV', 'SNV']","['HGNC', '']","['HGNC:42766', '']","['YES', '']","['3', '']","['', '']","['', '']","['', '']","['', '']","['', '']","['', '']","['', '']","['', '']","['', '']","['', '']","['', '']","['', '']","['A:0.0190', 'A:0.0190']","['A:0.0681', 'A:0.0681']","['A:0.0072', 'A:0.0072']","['A:0.0000', 'A:0.0000']","['A:0.0000', 'A:0.0000']","['A:0.0000', 'A:0.0000']","['', '']","['', '']","['', '']","['', '']","['', '']","['', '']","['', '']","['', '']","['', '']","['', '']","['', '']","['', '']","['', '']","['', '']","['', '']","['', '']","['', '']","['', '']","['', '']","['104355135', '']","[""E_Freq&E_1000G'"", ""E_Freq&E_1000G']""]"
18,18,chr14,89966308,89966309,A,A,G,8,1,28,b2a8da4b-6c32-4afb-a23d-bd14f858be58,TCGA-AB-2871,b4bc4666-13ba-4864-be9b-89ff8a0a1bd8,"[""['G"", "" 'G"", "" 'G"", "" 'G"", "" 'G"", "" 'G"", "" 'G"", "" 'G"", "" 'G"", "" 'G"", "" 'G"", "" 'G"", "" 'G"", "" 'G""]","['downstream_gene_variant', 'intron_variant', 'intron_variant&NMD_transcript_variant', 'intron_variant', 'intron_variant', 'intron_variant&NMD_transcript_variant', 'intron_variant', 'intron_variant', 'downstream_gene_variant', 'intron_variant&non_coding_transcript_variant', 'downstream_gene_variant', 'intron_variant&NMD_transcript_variant', 'downstream_gene_variant', 'intron_variant']","['MODIFIER', 'MODIFIER', 'MODIFIER', 'MODIFIER', 'MODIFIER', 'MODIFIER', 'MODIFIER', 'MODIFIER', 'MODIFIER', 'MODIFIER', 'MODIFIER', 'MODIFIER', 'MODIFIER', 'MODIFIER']","['TDP1', 'TDP1', 'TDP1', 'TDP1', 'TDP1', 'TDP1', 'TDP1', 'TDP1', 'TDP1', 'TDP1', 'TDP1', 'TDP1', 'TDP1', 'TDP1']","['ENSG00000042088', 'ENSG00000042088', 'ENSG00000042088', 'ENSG00000042088', 'ENSG00000042088', 'ENSG00000042088', 'ENSG00000042088', 'ENSG00000042088', 'ENSG00000042088', 'ENSG00000042088', 'ENSG00000042088', 'ENSG00000042088', 'ENSG00000042088', 'ENSG00000042088']","['Transcript', 'Transcript', 'Transcript', 'Transcript', 'Transcript', 'Transcript', 'Transcript', 'Transcript', 'Transcript', 'Transcript', 'Transcript', 'Transcript', 'Transcript', 'Transcript']","['ENST00000553527', 'ENST00000553617', 'ENST00000554976', 'ENST00000393454', 'ENST00000554180', 'ENST00000545686', 'ENST00000555880', 'ENST00000335725', 'ENST00000553989', 'ENST00000555565', 'ENST00000556867', 'ENST00000555178', 'ENST00000556498', 'ENST00000393452']","['protein_coding', 'protein_coding', 'nonsense_mediated_decay', 'protein_coding', 'protein_coding', 'nonsense_mediated_decay', 'protein_coding', 'protein_coding', 'protein_coding', 'processed_transcript', 'protein_coding', 'nonsense_mediated_decay', 'protein_coding', 'protein_coding']","['', '', '', '', '', '', '', '', '', '', '', '', '', '']","['', '3/7', '5/17', '3/15', '3/6', '3/17', '2/13', '4/16', '', '3/6', '', '3/14', '', '4/17']","['', 'ENST00000553617.4:c.306+118A>G', 'ENST00000554976.4:c.*115+118A>G', 'ENST00000393454.5:c.603+118A>G', 'ENST00000554180.4:c.603+118A>G', 'ENST00000545686.5:c.603+118A>G', 'ENST00000555880.4:c.603+118A>G', 'ENST00000335725.7:c.603+118A>G', '', 'ENST00000555565.4:n.283+118A>G', '', 'ENST00000555178.4:c.603+118A>G', '', 'ENST00000393452.6:c.603+118A>G']","['', '', '', '', '', '', '', '', '', '', '', '', '', '']","['-/910', '-/876', '-/3040', '-/2068', '-/910', '-/2488', '-/1894', '-/3702', '-/728', '-/524', '-/748', '-/2200', '-/597', '-/2370']","['-/438', '-/659', '-/576', '-/1827', '-/839', '-/897', '-/1737', '-/1827', '-/443', '', '-/455', '-/780', '-/485', '-/1770']","['-/146', '-/219', '-/191', '-/608', '-/279', '-/298', '-/578', '-/608', '-/147', '', '-/151', '-/259', '-/161', '-/589']","['', '', '', '', '', '', '', '', '', '', '', '', '', '']","['', '', '', '', '', '', '', '', '', '', '', '', '', '']","['rs34705515', 'rs34705515', 'rs34705515', 'rs34705515', 'rs34705515', 'rs34705515', 'rs34705515', 'rs34705515', 'rs34705515', 'rs34705515', 'rs34705515', 'rs34705515', 'rs34705515', 'rs34705515']","['1', '1', '1', '1', '1', '1', '1', '1', '1', '1', '1', '1', '1', '1']","['2756', '', '', '', '', '', '', '', '2751', '', '2739', '', '2709', '']","['1', '1', '1', '1', '1', '1', '1', '1', '1', '1', '1', '1', '1', '1']","['cds_end_NF', 'cds_end_NF', '', '', 'cds_end_NF', '', '', '', 'cds_end_NF', '', 'cds_end_NF', '', 'cds_end_NF', '']","['SNV', 'SNV', 'SNV', 'SNV', 'SNV', 'SNV', 'SNV', 'SNV', 'SNV', 'SNV', 'SNV', 'SNV', 'SNV', 'SNV']","['HGNC', 'HGNC', 'HGNC', 'HGNC', 'HGNC', 'HGNC', 'HGNC', 'HGNC', 'HGNC', 'HGNC', 'HGNC', 'HGNC', 'HGNC', 'HGNC']","['HGNC:18884', 'HGNC:18884', 'HGNC:18884', 'HGNC:18884', 'HGNC:18884', 'HGNC:18884', 'HGNC:18884', 'HGNC:18884', 'HGNC:18884', 'HGNC:18884', 'HGNC:18884', 'HGNC:18884', 'HGNC:18884', 'HGNC:18884']","['', '', '', '', '', '', '', 'YES', '', '', '', '', '', '']","['3', '5', '2', '1', '5', '1', '5', '1', '2', '5', '2', '5', '3', '1']","['', '', '', '', '', '', '', '', '', '', '', '', '', '']","['', '', '', 'CCDS9888.1', '', '', '', 'CCDS9888.1', '', '', '', '', '', '']","['ENSP00000451358', 'ENSP00000450708', 'ENSP00000452042', 'ENSP00000377099', 'ENSP00000450872', 'ENSP00000444587', 'ENSP00000450628', 'ENSP00000337353', 'ENSP00000452333', '', 'ENSP00000452279', 'ENSP00000452363', 'ENSP00000452183', 'ENSP00000377098']","['', '', '', 'Q9NUW8', '', '', '', 'Q9NUW8', '', '', '', '', '', '']","['G3V3Q0', 'G3V2J6', 'G3V4W8', 'A0A024R6L5', 'G3V2U6', 'Q9BRS7', 'G3V2F4', 'A0A024R6L5', 'G3V5F9', '', 'G3V5B8', 'G3V5H9', 'G3V554', 'E7EPD8']","['UPI00021CF027', 'UPI00021CF025', 'UPI000041CD71', 'UPI00000737ED', 'UPI00021CF024', 'UPI000006F9B1', 'UPI0000D4E4BB', 'UPI00000737ED', 'UPI00021CF028', '', 'UPI00021CF026', 'UPI0000577F17', '', 'UPI00015DFDAC']","['', '', '', 'NM_001008744.1', '', '', '', 'NM_018319.3', '', '', '', '', '', '']","['', '', '', '', '', '', '', '', '', '', '', '', '', '']","['', '', '', '', '', '', '', '', '', '', '', '', '', '']","['', '', '', '', '', '', '', '', '', '', '', '', '', '']","['', '', '', '', '', '', '', '', '', '', '', '', '', '']","['', '', '', '', '', '', '', '', '', '', '', '', '', '']","['G:0.1058', 'G:0.1058', 'G:0.1058', 'G:0.1058', 'G:0.1058', 'G:0.1058', 'G:0.1058', 'G:0.1058', 'G:0.1058', 'G:0.1058', 'G:0.1058', 'G:0.1058', 'G:0.1058', 'G:0.1058']","['G:0.3343', 'G:0.3343', 'G:0.3343', 'G:0.3343', 'G:0.3343', 'G:0.3343', 'G:0.3343', 'G:0.3343', 'G:0.3343', 'G:0.3343', 'G:0.3343', 'G:0.3343', 'G:0.3343', 'G:0.3343']","['G:0.0447', 'G:0.0447', 'G:0.0447', 'G:0.0447', 'G:0.0447', 'G:0.0447', 'G:0.0447', 'G:0.0447', 'G:0.0447', 'G:0.0447', 'G:0.0447', 'G:0.0447', 'G:0.0447', 'G:0.0447']","['G:0.0079', 'G:0.0079', 'G:0.0079', 'G:0.0079', 'G:0.0079', 'G:0.0079', 'G:0.0079', 'G:0.0079', 'G:0.0079', 'G:0.0079', 'G:0.0079', 'G:0.0079', 'G:0.0079', 'G:0.0079']","['G:0.0199', 'G:0.0199', 'G:0.0199', 'G:0.0199', 'G:0.0199', 'G:0.0199', 'G:0.0199', 'G:0.0199', 'G:0.0199', 'G:0.0199', 'G:0.0199', 'G:0.0199', 'G:0.0199', 'G:0.0199']","['G:0.0297', 'G:0.0297', 'G:0.0297', 'G:0.0297', 'G:0.0297', 'G:0.0297', 'G:0.0297', 'G:0.0297', 'G:0.0297', 'G:0.0297', 'G:0.0297', 'G:0.0297', 'G:0.0297', 'G:0.0297']","['', '', '', '', '', '', '', '', '', '', '', '', '', '']","['', '', '', '', '', '', '', '', '', '', '', '', '', '']","['', '', '', '', '', '', '', '', '', '', '', '', '', '']","['', '', '', '', '', '', '', '', '', '', '', '', '', '']","['', '', '', '', '', '', '', '', '', '', '', '', '', '']","['', '', '', '', '', '', '', '', '', '', '', '', '', '']","['', '', '', '', '', '', '', '', '', '', '', '', '', '']","['', '', '', '', '', '', '', '', '', '', '', '', '', '']","['', '', '', '', '', '', '', '', '', '', '', '', '', '']","['', '', '', '', '', '', '', '', '', '', '', '', '', '']","['', '', '', '', '', '', '', '', '', '', '', '', '', '']","['', '', '', '', '', '', '', '', '', '', '', '', '', '']","['', '', '', '', '', '', '', '', '', '', '', '', '', '']","['', '', '', '', '', '', '', '', '', '', '', '', '', '']","['', '', '', '', '', '', '', '', '', '', '', '', '', '']","['', '', '', '', '', '', '', '', '', '', '', '', '', '']","['', '', '', '', '', '', '', '', '', '', '', '', '', '']","['', '', '', '', '', '', '', '', '', '', '', '', '', '']","['', '', '', '', '', '', '', '', '', '', '', '', '', '']","['55775', '55775', '55775', '55775', '55775', '55775', '55775', '55775', '55775', '55775', '55775', '55775', '55775', '55775']","[""E_Multiple_observations&E_Freq&E_1000G'"", ""E_Multiple_observations&E_Freq&E_1000G'"", ""E_Multiple_observations&E_Freq&E_1000G'"", ""E_Multiple_observations&E_Freq&E_1000G'"", ""E_Multiple_observations&E_Freq&E_1000G'"", ""E_Multiple_observations&E_Freq&E_1000G'"", ""E_Multiple_observations&E_Freq&E_1000G'"", ""E_Multiple_observations&E_Freq&E_1000G'"", ""E_Multiple_observations&E_Freq&E_1000G'"", ""E_Multiple_observations&E_Freq&E_1000G'"", ""E_Multiple_observations&E_Freq&E_1000G'"", ""E_Multiple_observations&E_Freq&E_1000G'"", ""E_Multiple_observations&E_Freq&E_1000G'"", ""E_Multiple_observations&E_Freq&E_1000G']""]"
19,19,chr15,90390695,90390696,A,A,G,20,8,28,b2a8da4b-6c32-4afb-a23d-bd14f858be58,TCGA-AB-2871,b4bc4666-13ba-4864-be9b-89ff8a0a1bd8,"[""['G"", "" 'G"", "" 'G"", "" 'G"", "" 'G"", "" 'G""]","['intron_variant', 'downstream_gene_variant', 'intron_variant', 'intron_variant', 'intron_variant', 'downstream_gene_variant']","['MODIFIER', 'MODIFIER', 'MODIFIER', 'MODIFIER', 'MODIFIER', 'MODIFIER']","['IQGAP1', 'RP11-154B12.3', 'IQGAP1', 'IQGAP1', 'IQGAP1', 'NDUFA3P4']","['ENSG00000140575', 'ENSG00000259177', 'ENSG00000140575', 'ENSG00000140575', 'ENSG00000140575', 'ENSG00000259262']","['Transcript', 'Transcript', 'Transcript', 'Transcript', 'Transcript', 'Transcript']","['ENST00000268182', 'ENST00000560578', 'ENST00000559809', 'ENST00000560738', 'ENST00000560418', 'ENST00000560814']","['protein_coding', 'antisense', 'protein_coding', 'protein_coding', 'protein_coding', 'processed_pseudogene']","['', '', '', '', '', '']","['1/37', '', '1/1', '1/24', '1/6', '']","['ENST00000268182.8:c.56-79A>G', '', 'ENST00000559809.2:c.43-79A>G', 'ENST00000560738.1:c.56-79A>G', 'ENST00000560418.1:c.-310+2299A>G', '']","['', '', '', '', '', '']","['-/7233', '-/458', '-/1201', '-/3602', '-/559', '-/250']","['-/4974', '', '-/147', '-/3258', '-/130', '']","['-/1657', '', '-/48', '-/1085', '-/43', '']","['', '', '', '', '', '']","['', '', '', '', '', '']","['', '', '', '', '', '']","['1', '1', '1', '1', '1', '1']","['', '2795', '', '', '', '4632']","['1', '-1', '1', '1', '1', '1']","['', '', 'cds_start_NF', '', 'cds_end_NF', '']","['SNV', 'SNV', 'SNV', 'SNV', 'SNV', 'SNV']","['HGNC', 'Clone_based_vega_gene', 'HGNC', 'HGNC', 'HGNC', 'HGNC']","['HGNC:6110', '', 'HGNC:6110', 'HGNC:6110', 'HGNC:6110', 'HGNC:45053']","['YES', 'YES', '', '', '', 'YES']","['1', '5', '3', '5', '5', '']","['', '', '', '', '', '']","['CCDS10362.1', '', '', '', '', '']","['ENSP00000268182', '', 'ENSP00000484647', 'ENSP00000453181', 'ENSP00000452723', '']","['P46940', '', '', '', '', '']","['A0A024RC65', '', 'A0A087X225', 'H0YLE8', 'H0YKA5', '']","['', '', 'UPI0004620AAE', 'UPI00022F876B', 'UPI00022F876C', '']","['NM_003870.3', '', '', '', '', '']","['', '', '', '', '', '']","['', '', '', '', '', '']","['', '', '', '', '', '']","['', '', '', '', '', '']","['', '', '', '', '', '']","['', '', '', '', '', '']","['', '', '', '', '', '']","['', '', '', '', '', '']","['', '', '', '', '', '']","['', '', '', '', '', '']","['', '', '', '', '', '']","['', '', '', '', '', '']","['', '', '', '', '', '']","['', '', '', '', '', '']","['', '', '', '', '', '']","['', '', '', '', '', '']","['', '', '', '', '', '']","['', '', '', '', '', '']","['', '', '', '', '', '']","['', '', '', '', '', '']","['', '', '', '', '', '']","['', '', '', '', '', '']","['', '', '', '', '', '']","['', '', '', '', '', '']","['', '', '', '', '', '']","['', '', '', '', '', '']","['', '', '', '', '', '']","['', '', '', '', '', '']","['', '', '', '', '', '']","['', '', '', '', '', '']","['8826', '', '8826', '8826', '8826', '106480806']","[""'"", ""'"", ""'"", ""'"", ""'"", ""']""]"
20,20,chr17,30461111,30461112,A,A,T,17,1,28,b2a8da4b-6c32-4afb-a23d-bd14f858be58,TCGA-AB-2871,b4bc4666-13ba-4864-be9b-89ff8a0a1bd8,"[""['T"", "" 'T"", "" 'T"", "" 'T"", "" 'T"", "" 'T"", "" 'T""]","['downstream_gene_variant', 'intron_variant', 'downstream_gene_variant', 'intron_variant', 'intron_variant&non_coding_transcript_variant', 'intron_variant', 'intron_variant&NMD_transcript_variant']","['MODIFIER', 'MODIFIER', 'MODIFIER', 'MODIFIER', 'MODIFIER', 'MODIFIER', 'MODIFIER']","['CPD', 'CPD', 'CPD', 'CPD', 'CPD', 'CPD', 'CPD']","['ENSG00000108582', 'ENSG00000108582', 'ENSG00000108582', 'ENSG00000108582', 'ENSG00000108582', 'ENSG00000108582', 'ENSG00000108582']","['Transcript', 'Transcript', 'Transcript', 'Transcript', 'Transcript', 'Transcript', 'Transcript']","['ENST00000584050', 'ENST00000543464', 'ENST00000580396', 'ENST00000225719', 'ENST00000584051', 'ENST00000584221', 'ENST00000579502']","['nonsense_mediated_decay', 'protein_coding', 'retained_intron', 'protein_coding', 'processed_transcript', 'protein_coding', 'nonsense_mediated_decay']","['', '', '', '', '', '', '']","['', '17/20', '', '17/20', '5/5', '3/3', '3/4']","['', 'ENST00000543464.5:c.2758-69A>T', '', 'ENST00000225719.7:c.3499-69A>T', 'ENST00000584051.1:n.489-69A>T', 'ENST00000584221.2:c.504-5136A>T', 'ENST00000579502.1:c.239-1285A>T']","['', '', '', '', '', '', '']","['-/394', '-/4007', '-/2733', '-/9394', '-/575', '-/680', '-/672']","['-/123', '-/3402', '', '-/4143', '', '-/555', '-/249']","['-/40', '-/1133', '', '-/1380', '', '-/184', '-/82']","['', '', '', '', '', '', '']","['', '', '', '', '', '', '']","['', '', '', '', '', '', '']","['1', '1', '1', '1', '1', '1', '1']","['4760', '', '4248', '', '', '', '']","['1', '1', '1', '1', '1', '1', '1']","['cds_start_NF', '', '', '', '', 'cds_start_NF', 'cds_start_NF']","['SNV', 'SNV', 'SNV', 'SNV', 'SNV', 'SNV', 'SNV']","['HGNC', 'HGNC', 'HGNC', 'HGNC', 'HGNC', 'HGNC', 'HGNC']","['HGNC:2301', 'HGNC:2301', 'HGNC:2301', 'HGNC:2301', 'HGNC:2301', 'HGNC:2301', 'HGNC:2301']","['', '', '', 'YES', '', '', '']","['3', '2', '5', '1', '5', '3', '5']","['', '', '', '', '', '', '']","['', 'CCDS56025.1', '', 'CCDS11257.1', '', '', '']","['ENSP00000466049', 'ENSP00000444443', '', 'ENSP00000225719', '', 'ENSP00000463763', 'ENSP00000464255']","['', 'O75976', '', 'O75976', '', '', '']","['K7ELF0', '', '', '', '', 'J3QQJ4', 'J3QRJ9']","['UPI0002840F58', 'UPI0001ED0510', '', '', '', 'UPI0002840F57', 'UPI000268B065']","['', 'NM_001199775.1', '', 'NM_001304.4', '', '', '']","['', '', '', '', '', '', '']","['', '', '', '', '', '', '']","['', '', '', '', '', '', '']","['', '', '', '', '', '', '']","['', '', '', '', '', '', '']","['', '', '', '', '', '', '']","['', '', '', '', '', '', '']","['', '', '', '', '', '', '']","['', '', '', '', '', '', '']","['', '', '', '', '', '', '']","['', '', '', '', '', '', '']","['', '', '', '', '', '', '']","['', '', '', '', '', '', '']","['', '', '', '', '', '', '']","['', '', '', '', '', '', '']","['', '', '', '', '', '', '']","['', '', '', '', '', '', '']","['', '', '', '', '', '', '']","['', '', '', '', '', '', '']","['', '', '', '', '', '', '']","['', '', '', '', '', '', '']","['', '', '', '', '', '', '']","['', '', '', '', '', '', '']","['', '', '', '', '', '', '']","['', '', '', '', '', '', '']","['', '', '', '', '', '', '']","['', '', '', '', '', '', '']","['', '', '', '', '', '', '']","['', '', '', '', '', '', '']","['', '', '', '', '', '', '']","['1362', '1362', '1362', '1362', '1362', '1362', '1362']","[""'"", ""'"", ""'"", ""'"", ""'"", ""'"", ""']""]"
21,21,chr18,26039196,26039197,G,A,G,4,20,28,b2a8da4b-6c32-4afb-a23d-bd14f858be58,TCGA-AB-2871,b4bc4666-13ba-4864-be9b-89ff8a0a1bd8,"[""['A"", "" 'A"", "" 'A"", "" 'A"", "" 'A"", "" 'A"", "" 'A"", "" 'A"", "" 'A"", "" 'A""]","['intron_variant', 'upstream_gene_variant', 'downstream_gene_variant', 'upstream_gene_variant', 'intron_variant&NMD_transcript_variant', 'intron_variant&NMD_transcript_variant', 'intron_variant', 'intron_variant&NMD_transcript_variant', 'intron_variant', 'intron_variant&NMD_transcript_variant']","['MODIFIER', 'MODIFIER', 'MODIFIER', 'MODIFIER', 'MODIFIER', 'MODIFIER', 'MODIFIER', 'MODIFIER', 'MODIFIER', 'MODIFIER']","['SS18', 'SS18', 'SS18', 'SS18', 'SS18', 'SS18', 'SS18', 'SS18', 'SS18', 'SS18']","['ENSG00000141380', 'ENSG00000141380', 'ENSG00000141380', 'ENSG00000141380', 'ENSG00000141380', 'ENSG00000141380', 'ENSG00000141380', 'ENSG00000141380', 'ENSG00000141380', 'ENSG00000141380']","['Transcript', 'Transcript', 'Transcript', 'Transcript', 'Transcript', 'Transcript', 'Transcript', 'Transcript', 'Transcript', 'Transcript']","['ENST00000269137', 'ENST00000582092', 'ENST00000585241', 'ENST00000580958', 'ENST00000269138', 'ENST00000585121', 'ENST00000415083', 'ENST00000579640', 'ENST00000542420', 'ENST00000539244']","['protein_coding', 'processed_transcript', 'processed_transcript', 'retained_intron', 'nonsense_mediated_decay', 'nonsense_mediated_decay', 'protein_coding', 'nonsense_mediated_decay', 'protein_coding', 'nonsense_mediated_decay']","['', '', '', '', '', '', '', '', '', '']","['6/9', '', '', '', '5/9', '7/10', '6/10', '7/10', '6/10', '5/7']","['ENST00000269137.10:c.775+93C>T', '', '', '', 'ENST00000269138.8:c.*504+93C>T', 'ENST00000585121.4:c.*639+93C>T', 'ENST00000415083.5:c.775+93C>T', 'ENST00000579640.4:c.*764+93C>T', 'ENST00000542420.5:c.706+93C>T', 'ENST00000539244.5:c.*572+93C>T']","['', '', '', '', '', '', '', '', '', '']","['-/1836', '-/215', '-/774', '-/775', '-/1548', '-/1545', '-/3414', '-/1840', '-/2321', '-/977']","['-/1164', '', '', '', '-/186', '-/255', '-/1257', '-/177', '-/1188', '-/126']","['-/387', '', '', '', '-/61', '-/84', '-/418', '-/58', '-/395', '-/41']","['', '', '', '', '', '', '', '', '', '']","['', '', '', '', '', '', '', '', '', '']","['', '', '', '', '', '', '', '', '', '']","['1', '1', '1', '1', '1', '1', '1', '1', '1', '1']","['', '4131', '214', '3582', '', '', '', '', '', '']","['-1', '-1', '-1', '-1', '-1', '-1', '-1', '-1', '-1', '-1']","['', '', '', '', '', '', '', '', '', '']","['SNV', 'SNV', 'SNV', 'SNV', 'SNV', 'SNV', 'SNV', 'SNV', 'SNV', 'SNV']","['HGNC', 'HGNC', 'HGNC', 'HGNC', 'HGNC', 'HGNC', 'HGNC', 'HGNC', 'HGNC', 'HGNC']","['HGNC:11340', 'HGNC:11340', 'HGNC:11340', 'HGNC:11340', 'HGNC:11340', 'HGNC:11340', 'HGNC:11340', 'HGNC:11340', 'HGNC:11340', 'HGNC:11340']","['', '', '', '', '', '', 'YES', '', '', '']","['1', '1', '5', '2', '2', '2', '1', '2', '2', '1']","['', '', '', '', '', '', '', '', '', '']","['CCDS54183.1', '', '', '', '', '', 'CCDS32807.1', '', '', '']","['ENSP00000269137', '', '', '', 'ENSP00000269138', 'ENSP00000462838', 'ENSP00000414516', 'ENSP00000462363', 'ENSP00000438066', 'ENSP00000441760']","['Q15532', '', '', '', '', '', 'Q15532', '', '', '']","['Q4VAX0', '', '', '', 'X6R3J2', 'J3KT74', 'A0A024RC40', 'J3KRP6', 'B4DLD3', 'F5GWN1']","['UPI000002B43F', '', '', '', 'UPI000268B43B', 'UPI000268B43C', 'UPI0000136056', 'UPI000268B43A', '', 'UPI000268B43D']","['NM_005637.2', '', '', '', '', '', 'NM_001007559.1', '', '', '']","['', '', '', '', '', '', '', '', '', '']","['', '', '', '', '', '', '', '', '', '']","['', '', '', '', '', '', '', '', '', '']","['', '', '', '', '', '', '', '', '', '']","['', '', '', '', '', '', '', '', '', '']","['', '', '', '', '', '', '', '', '', '']","['', '', '', '', '', '', '', '', '', '']","['', '', '', '', '', '', '', '', '', '']","['', '', '', '', '', '', '', '', '', '']","['', '', '', '', '', '', '', '', '', '']","['', '', '', '', '', '', '', '', '', '']","['', '', '', '', '', '', '', '', '', '']","['', '', '', '', '', '', '', '', '', '']","['', '', '', '', '', '', '', '', '', '']","['', '', '', '', '', '', '', '', '', '']","['', '', '', '', '', '', '', '', '', '']","['', '', '', '', '', '', '', '', '', '']","['', '', '', '', '', '', '', '', '', '']","['', '', '', '', '', '', '', '', '', '']","['', '', '', '', '', '', '', '', '', '']","['', '', '', '', '', '', '', '', '', '']","['', '', '', '', '', '', '', '', '', '']","['', '', '', '', '', '', '', '', '', '']","['', '', '', '', '', '', '', '', '', '']","['', '', '', '', '', '', '', '', '', '']","['', '', '', '', '', '', '', '', '', '']","['', '', '', '', '', '', '', '', '', '']","['', '', '', '', '', '', '', '', '', '']","['', '', '', '', '', '', '', '', '', '']","['', '', '', '', '', '', '', '', '', '']","['6760', '6760', '6760', '6760', '6760', '6760', '6760', '6760', '6760', '6760']","[""'"", ""'"", ""'"", ""'"", ""'"", ""'"", ""'"", ""'"", ""'"", ""']""]"
22,22,chr19,2852284,2852285,A,A,C,11,1,28,b2a8da4b-6c32-4afb-a23d-bd14f858be58,TCGA-AB-2871,b4bc4666-13ba-4864-be9b-89ff8a0a1bd8,"[""['C"", "" 'C"", "" 'C"", "" 'C""]","['intron_variant', 'intron_variant', 'intron_variant&non_coding_transcript_variant', 'intron_variant']","['MODIFIER', 'MODIFIER', 'MODIFIER', 'MODIFIER']","['ZNF555', 'ZNF555', 'AC006130.3', 'ZNF555']","['ENSG00000186300', 'ENSG00000186300', 'ENSG00000267063', 'ENSG00000186300']","['Transcript', 'Transcript', 'Transcript', 'Transcript']","['ENST00000585966', 'ENST00000591539', 'ENST00000589365', 'ENST00000334241']","['protein_coding', 'protein_coding', 'antisense', 'protein_coding']","['', '', '', '']","['3/3', '3/3', '1/1', '3/3']","['ENST00000585966.4:c.219-96A>C', 'ENST00000591539.1:c.315-99A>C', 'ENST00000589365.1:n.398-4900T>G', 'ENST00000334241.7:c.315-96A>C']","['', '', '', '']","['-/475', '-/2270', '-/555', '-/8557']","['-/335', '-/1884', '', '-/1887']","['-/111', '-/627', '', '-/628']","['', '', '', '']","['', '', '', '']","['rs114038548', 'rs114038548', 'rs114038548', 'rs114038548']","['1', '1', '1', '1']","['', '', '', '']","['1', '1', '-1', '1']","['cds_end_NF', '', '', '']","['SNV', 'SNV', 'SNV', 'SNV']","['HGNC', 'HGNC', 'Clone_based_vega_gene', 'HGNC']","['HGNC:28382', 'HGNC:28382', '', 'HGNC:28382']","['', '', 'YES', 'YES']","['4', '2', '4', '1']","['', '', '', '']","['', 'CCDS59329.1', '', 'CCDS12096.1']","['ENSP00000466982', 'ENSP00000467893', '', 'ENSP00000334853']","['', 'Q8NEP9', '', 'Q8NEP9']","['K7ENK0', '', '', '']","['UPI0002840B97', 'UPI0001C554D2', '', 'UPI0000203006']","['', 'NM_001172775.1', '', 'NM_152791.4']","['', '', '', '']","['', '', '', '']","['', '', '', '']","['', '', '', '']","['', '', '', '']","['C:0.0122', 'C:0.0122', 'C:0.0122', 'C:0.0122']","['C:0.0454', 'C:0.0454', 'C:0.0454', 'C:0.0454']","['C:0.0014', 'C:0.0014', 'C:0.0014', 'C:0.0014']","['C:0.0000', 'C:0.0000', 'C:0.0000', 'C:0.0000']","['C:0.0000', 'C:0.0000', 'C:0.0000', 'C:0.0000']","['C:0.0000', 'C:0.0000', 'C:0.0000', 'C:0.0000']","['', '', '', '']","['', '', '', '']","['', '', '', '']","['', '', '', '']","['', '', '', '']","['', '', '', '']","['', '', '', '']","['', '', '', '']","['', '', '', '']","['', '', '', '']","['', '', '', '']","['', '', '', '']","['', '', '', '']","['', '', '', '']","['', '', '', '']","['', '', '', '']","['', '', '', '']","['', '', '', '']","['', '', '', '']","['148254', '148254', '', '148254']","[""E_Multiple_observations&E_Freq&E_1000G'"", ""E_Multiple_observations&E_Freq&E_1000G'"", ""E_Multiple_observations&E_Freq&E_1000G'"", ""E_Multiple_observations&E_Freq&E_1000G']""]"
23,23,chr19,14070405,14070406,C,A,C,7,76,28,b2a8da4b-6c32-4afb-a23d-bd14f858be58,TCGA-AB-2871,b4bc4666-13ba-4864-be9b-89ff8a0a1bd8,"[""['A"", "" 'A"", "" 'A"", "" 'A"", "" 'A"", "" 'A"", "" 'A""]","['upstream_gene_variant', 'upstream_gene_variant', 'non_coding_transcript_exon_variant&non_coding_transcript_variant', 'upstream_gene_variant', 'upstream_gene_variant', 'upstream_gene_variant', 'regulatory_region_variant']","['MODIFIER', 'MODIFIER', 'MODIFIER', 'MODIFIER', 'MODIFIER', 'MODIFIER', 'MODIFIER']","['CTB-55O6.8', 'MIR1199', 'EEF1DP1', 'CTB-55O6.8', 'CTB-55O6.8', 'CTB-55O6.8', '']","['ENSG00000141854', 'ENSG00000277805', 'ENSG00000228887', 'ENSG00000141854', 'ENSG00000141854', 'ENSG00000141854', '']","['Transcript', 'Transcript', 'Transcript', 'Transcript', 'Transcript', 'Transcript', 'RegulatoryFeature']","['ENST00000269720', 'ENST00000621445', 'ENST00000585891', 'ENST00000590772', 'ENST00000587086', 'ENST00000591982', 'ENSR00001910545']","['protein_coding', 'miRNA', 'processed_pseudogene', 'protein_coding', 'protein_coding', 'retained_intron', 'promoter']","['', '', '1/1', '', '', '', '']","['', '', '', '', '', '', '']","['', '', 'ENST00000585891.1:n.64C>A', '', '', '', '']","['', '', '', '', '', '', '']","['-/1424', '-/119', '64/896', '-/708', '-/1535', '-/2187', '']","['-/1086', '', '', '-/453', '-/660', '', '']","['-/361', '', '', '-/150', '-/219', '', '']","['', '', '', '', '', '', '']","['', '', '', '', '', '', '']","['', '', '', '', '', '', '']","['1', '1', '1', '1', '1', '1', '1']","['2131', '2956', '', '3177', '2369', '2471', '']","['1', '1', '1', '1', '1', '1', '']","['', '', '', 'cds_start_NF', '', '', '']","['SNV', 'SNV', 'SNV', 'SNV', 'SNV', 'SNV', 'SNV']","['Clone_based_vega_gene', 'HGNC', 'HGNC', 'Clone_based_vega_gene', 'Clone_based_vega_gene', 'Clone_based_vega_gene', '']","['', 'HGNC:50081', 'HGNC:32474', '', '', '', '']","['YES', 'YES', 'YES', '', '', '', '']","['5', '', '', '2', '1', '', '']","['', '', '', '', '', '', '']","['', '', '', '', '', '', '']","['ENSP00000269720', '', '', 'ENSP00000466176', 'ENSP00000465157', '', '']","['', '', '', '', 'Q96FF7', '', '']","['A0A044PY82', '', '', 'K7ELQ6', '', '', '']","['UPI00001D826F', '', '', 'UPI0002840B19', 'UPI00001C2010', '', '']","['', '', '', '', '', '', '']","['', '', '', '', '', '', '']","['', '', '', '', '', '', '']","['', '', '', '', '', '', '']","['', '', '', '', '', '', '']","['', '', '', '', '', '', '']","['', '', '', '', '', '', '']","['', '', '', '', '', '', '']","['', '', '', '', '', '', '']","['', '', '', '', '', '', '']","['', '', '', '', '', '', '']","['', '', '', '', '', '', '']","['', '', '', '', '', '', '']","['', '', '', '', '', '', '']","['', '', '', '', '', '', '']","['', '', '', '', '', '', '']","['', '', '', '', '', '', '']","['', '', '', '', '', '', '']","['', '', '', '', '', '', '']","['', '', '', '', '', '', '']","['', '', '', '', '', '', '']","['', '', '', '', '', '', '']","['', '', '', '', '', '', '']","['', '', '', '', '', '', '']","['', '', '', '', '', '', '']","['', '', '', '', '', '', '']","['', '', '', '', '', '', '']","['', '', '', '', '', '', '']","['', '', '', '', '', '', '']","['', '', '', '', '', '', '']","['', '', '', '', '', '', '']","['113230', '102466515', '126037', '113230', '113230', '113230', '']","[""'"", ""'"", ""'"", ""'"", ""'"", ""'"", ""']""]"
24,24,chrX,53380790,53380791,T,C,T,1,10,28,b2a8da4b-6c32-4afb-a23d-bd14f858be58,TCGA-AB-2871,b4bc4666-13ba-4864-be9b-89ff8a0a1bd8,"[""['C"", "" 'C"", "" 'C"", "" 'C""]","['downstream_gene_variant', 'intron_variant', 'intron_variant', 'intron_variant']","['MODIFIER', 'MODIFIER', 'MODIFIER', 'MODIFIER']","['SMC1A', 'SMC1A', 'SMC1A', 'SMC1A']","['ENSG00000072501', 'ENSG00000072501', 'ENSG00000072501', 'ENSG00000072501']","['Transcript', 'Transcript', 'Transcript', 'Transcript']","['ENST00000469129', 'ENST00000322213', 'ENST00000470241', 'ENST00000375340']","['processed_transcript', 'protein_coding', 'protein_coding', 'protein_coding']","['', '', '', '']","['', '23/24', '5/5', '24/25']","['', 'ENST00000322213.7:c.3508-60A>G', 'ENST00000470241.2:c.728-60A>G', 'ENST00000375340.9:c.3442-60A>G']","['', '', '', '']","['-/847', '-/9784', '-/838', '-/9930']","['', '-/3702', '-/839', '-/3636']","['', '-/1233', '-/279', '-/1211']","['', '', '', '']","['', '', '', '']","['', '', '', '']","['1', '1', '1', '1']","['888', '', '', '']","['-1', '-1', '-1', '-1']","['', '', 'cds_start_NF&cds_end_NF', '']","['SNV', 'SNV', 'SNV', 'SNV']","['HGNC', 'HGNC', 'HGNC', 'HGNC']","['HGNC:11111', 'HGNC:11111', 'HGNC:11111', 'HGNC:11111']","['', 'YES', '', '']","['3', '1', '3', '1']","['', '', '', '']","['', 'CCDS14352.1', '', 'CCDS75985.1']","['', 'ENSP00000323421', 'ENSP00000476416', 'ENSP00000364489']","['', 'Q14683', '', '']","['', '', 'V9GY57', 'G8JLG1']","['', 'UPI0000135A4D', 'UPI0003B92872', 'UPI0003833506']","['', 'NM_006306.3', '', 'NM_001281463.1']","['', '', '', '']","['', '', '', '']","['', '', '', '']","['', '', '', '']","['', '', '', '']","['', '', '', '']","['', '', '', '']","['', '', '', '']","['', '', '', '']","['', '', '', '']","['', '', '', '']","['', '', '', '']","['', '', '', '']","['', '', '', '']","['', '', '', '']","['', '', '', '']","['', '', '', '']","['', '', '', '']","['', '', '', '']","['', '', '', '']","['', '', '', '']","['', '', '', '']","['', '', '', '']","['', '', '', '']","['', '', '', '']","['', '', '', '']","['', '', '', '']","['', '', '', '']","['', '', '', '']","['', '', '', '']","['8243', '8243', '8243', '8243']","[""'"", ""'"", ""'"", ""']""]"
